"","Site","Plot","Treatment","Year","type","BOER","CHSES","KOAM","PLJA","SATR","CAJA","CHEN","LILE","SPHA","UKFO","ACMI","ARCA","ARFE","ASHU","COAR","ERFL","LASE","LUKI","PLRI","POHI","PSMO","TRDU","UKGR","ALGE","ANRO","BOGR","BRPO","ELEL","EPBR","FEAR","MUMO","MURI","PODO","CAGE","CIWH","ERRA","MESP","POOL","ERFO","PEVI","ATCO","EPVI","DAPU","SPAI","KRLA","CHRE","ERNA","GUSA","HECO","JUMO","CHER","HELO","ZIGR","ARPU","BOGR ","SOEL","GLGO","CHDE","STTE","ATCA","CAPA","GETR","IRMI","POPR","ROWO","VETH","VIAM","ASSP","LUAR","HYHO","TAOF","PTAQ"
"1","Antelope","1","Water Addition",2021,"aboveground",0.178798241328774,0.00195407914020518,0.0156326331216414,0.102589154860772,0.701025891548608,NA,NA,NA,NA,NA,NA,NA,NA,NA,NA,NA,NA,NA,NA,NA,NA,NA,NA,NA,NA,NA,NA,NA,NA,NA,NA,NA,NA,NA,NA,NA,NA,NA,NA,NA,NA,NA,NA,NA,NA,NA,NA,NA,NA,NA,NA,NA,NA,NA,NA,NA,NA,NA,NA,NA,NA,NA,NA,NA,NA,NA,NA,NA,NA,NA,NA,NA
"2","Antelope","2","Water Addition",2021,"aboveground",0.180290644868302,0.00136239782016349,NA,0.163487738419619,0.654859218891916,NA,NA,NA,NA,NA,NA,NA,NA,NA,NA,NA,NA,NA,NA,NA,NA,NA,NA,NA,NA,NA,NA,NA,NA,NA,NA,NA,NA,NA,NA,NA,NA,NA,NA,NA,NA,NA,NA,NA,NA,NA,NA,NA,NA,NA,NA,NA,NA,NA,NA,NA,NA,NA,NA,NA,NA,NA,NA,NA,NA,NA,NA,NA,NA,NA,NA,NA
"3","Antelope","3","Control",2021,"aboveground",0.0472673559822747,NA,0.000492368291482029,0.103397341211226,0.779911373707533,0.068931560807484,NA,NA,NA,NA,NA,NA,NA,NA,NA,NA,NA,NA,NA,NA,NA,NA,NA,NA,NA,NA,NA,NA,NA,NA,NA,NA,NA,NA,NA,NA,NA,NA,NA,NA,NA,NA,NA,NA,NA,NA,NA,NA,NA,NA,NA,NA,NA,NA,NA,NA,NA,NA,NA,NA,NA,NA,NA,NA,NA,NA,NA,NA,NA,NA,NA,NA
"4","Antelope","4","Water Exclusion",2021,"aboveground",0.00878477306002928,NA,NA,NA,0.982430453879941,NA,0.00878477306002928,NA,NA,NA,NA,NA,NA,NA,NA,NA,NA,NA,NA,NA,NA,NA,NA,NA,NA,NA,NA,NA,NA,NA,NA,NA,NA,NA,NA,NA,NA,NA,NA,NA,NA,NA,NA,NA,NA,NA,NA,NA,NA,NA,NA,NA,NA,NA,NA,NA,NA,NA,NA,NA,NA,NA,NA,NA,NA,NA,NA,NA,NA,NA,NA,NA
"5","Antelope","5","Water Addition",2021,"aboveground",0.300286841161707,8.96378630333453e-05,NA,0.124148440301183,0.575475080674077,NA,NA,NA,NA,NA,NA,NA,NA,NA,NA,NA,NA,NA,NA,NA,NA,NA,NA,NA,NA,NA,NA,NA,NA,NA,NA,NA,NA,NA,NA,NA,NA,NA,NA,NA,NA,NA,NA,NA,NA,NA,NA,NA,NA,NA,NA,NA,NA,NA,NA,NA,NA,NA,NA,NA,NA,NA,NA,NA,NA,NA,NA,NA,NA,NA,NA,NA
"6","Antelope","6","Water Exclusion",2021,"aboveground",0.0204220558202859,NA,0.00136147038801906,NA,0.797821647379169,NA,NA,0.0136147038801906,0.163376446562287,0.00340367597004765,NA,NA,NA,NA,NA,NA,NA,NA,NA,NA,NA,NA,NA,NA,NA,NA,NA,NA,NA,NA,NA,NA,NA,NA,NA,NA,NA,NA,NA,NA,NA,NA,NA,NA,NA,NA,NA,NA,NA,NA,NA,NA,NA,NA,NA,NA,NA,NA,NA,NA,NA,NA,NA,NA,NA,NA,NA,NA,NA,NA,NA,NA
"7","Antelope","7","Control",2021,"aboveground",0.189646831156265,0.000967585873246251,0.00290275761973875,0.183841315916788,0.622157716497339,NA,NA,NA,NA,0.000483792936623125,NA,NA,NA,NA,NA,NA,NA,NA,NA,NA,NA,NA,NA,NA,NA,NA,NA,NA,NA,NA,NA,NA,NA,NA,NA,NA,NA,NA,NA,NA,NA,NA,NA,NA,NA,NA,NA,NA,NA,NA,NA,NA,NA,NA,NA,NA,NA,NA,NA,NA,NA,NA,NA,NA,NA,NA,NA,NA,NA,NA,NA,NA
"8","Antelope","8","Control",2021,"aboveground",0.195522388059701,0.00597014925373134,0.0378109452736318,0.199004975124378,0.560696517412935,NA,NA,NA,0.000995024875621891,NA,NA,NA,NA,NA,NA,NA,NA,NA,NA,NA,NA,NA,NA,NA,NA,NA,NA,NA,NA,NA,NA,NA,NA,NA,NA,NA,NA,NA,NA,NA,NA,NA,NA,NA,NA,NA,NA,NA,NA,NA,NA,NA,NA,NA,NA,NA,NA,NA,NA,NA,NA,NA,NA,NA,NA,NA,NA,NA,NA,NA,NA,NA
"9","Antelope","9","Water Exclusion",2021,"aboveground",NA,NA,NA,0.00116144018583043,0.99883855981417,NA,NA,NA,NA,NA,NA,NA,NA,NA,NA,NA,NA,NA,NA,NA,NA,NA,NA,NA,NA,NA,NA,NA,NA,NA,NA,NA,NA,NA,NA,NA,NA,NA,NA,NA,NA,NA,NA,NA,NA,NA,NA,NA,NA,NA,NA,NA,NA,NA,NA,NA,NA,NA,NA,NA,NA,NA,NA,NA,NA,NA,NA,NA,NA,NA,NA,NA
"10","Antelope","10","Control",2021,"aboveground",0.159194876486734,0.00274473924977127,0.000914913083257091,NA,0.837145471180238,NA,NA,NA,NA,NA,NA,NA,NA,NA,NA,NA,NA,NA,NA,NA,NA,NA,NA,NA,NA,NA,NA,NA,NA,NA,NA,NA,NA,NA,NA,NA,NA,NA,NA,NA,NA,NA,NA,NA,NA,NA,NA,NA,NA,NA,NA,NA,NA,NA,NA,NA,NA,NA,NA,NA,NA,NA,NA,NA,NA,NA,NA,NA,NA,NA,NA,NA
"11","Antelope","11","Water Addition",2021,"aboveground",0.247759620453347,0.00210859251449657,0.00579862941486558,0.00105429625724829,0.743278861360042,NA,NA,NA,NA,NA,NA,NA,NA,NA,NA,NA,NA,NA,NA,NA,NA,NA,NA,NA,NA,NA,NA,NA,NA,NA,NA,NA,NA,NA,NA,NA,NA,NA,NA,NA,NA,NA,NA,NA,NA,NA,NA,NA,NA,NA,NA,NA,NA,NA,NA,NA,NA,NA,NA,NA,NA,NA,NA,NA,NA,NA,NA,NA,NA,NA,NA,NA
"12","Antelope","12","Water Exclusion",2021,"aboveground",NA,NA,0.00295508274231679,NA,0.997044917257683,NA,NA,NA,NA,NA,NA,NA,NA,NA,NA,NA,NA,NA,NA,NA,NA,NA,NA,NA,NA,NA,NA,NA,NA,NA,NA,NA,NA,NA,NA,NA,NA,NA,NA,NA,NA,NA,NA,NA,NA,NA,NA,NA,NA,NA,NA,NA,NA,NA,NA,NA,NA,NA,NA,NA,NA,NA,NA,NA,NA,NA,NA,NA,NA,NA,NA,NA
"13","Arboretum","1","Water Exclusion",2021,"aboveground",NA,NA,NA,NA,NA,NA,NA,NA,NA,NA,0.00152683410947401,0.0152683410947401,0.00916100465684403,0.00381708527368501,0.431330635926407,0.00626001984884342,0.0229025116421101,0.194671348957936,0.00190854263684251,0.221390945873731,0.0229025116421101,0.0687075349263302,0.000152683410947401,NA,NA,NA,NA,NA,NA,NA,NA,NA,NA,NA,NA,NA,NA,NA,NA,NA,NA,NA,NA,NA,NA,NA,NA,NA,NA,NA,NA,NA,NA,NA,NA,NA,NA,NA,NA,NA,NA,NA,NA,NA,NA,NA,NA,NA,NA,NA,NA,NA
"14","Arboretum","2","Control",2021,"aboveground",NA,NA,NA,NA,NA,NA,0.00503873527744536,0.000314920954840335,NA,NA,0.0425143289034452,0.207847830194621,0.0251936763872268,0.0163758896516974,0.0488127480002519,0.00264533602065881,NA,0.110222334194117,NA,0.214146249291428,0.00944762864521005,NA,NA,0.053536562322857,0.00157460477420168,0.00503873527744536,0.0251936763872268,0.0053536562322857,0.0881778673552938,0.0680229262455124,0.0132266801032941,0.0566857718712603,0.00062984190968067,NA,NA,NA,NA,NA,NA,NA,NA,NA,NA,NA,NA,NA,NA,NA,NA,NA,NA,NA,NA,NA,NA,NA,NA,NA,NA,NA,NA,NA,NA,NA,NA,NA,NA,NA,NA,NA,NA,NA
"15","Arboretum","3","Water Addition",2021,"aboveground",NA,NA,NA,NA,NA,NA,NA,0.000542005420054201,NA,NA,0.17289972899729,0.043360433604336,0.013550135501355,0.100271002710027,NA,0.0021680216802168,0.0013550135501355,0.024390243902439,NA,0.317073170731707,NA,0.016260162601626,NA,0.010840108401084,0.0300813008130081,0.0257452574525745,NA,0.0596205962059621,NA,0.0487804878048781,0.0024390243902439,0.018970189701897,0.0303523035230352,0.00813008130081301,0.0704607046070461,0.002710027100271,NA,NA,NA,NA,NA,NA,NA,NA,NA,NA,NA,NA,NA,NA,NA,NA,NA,NA,NA,NA,NA,NA,NA,NA,NA,NA,NA,NA,NA,NA,NA,NA,NA,NA,NA,NA
"16","Arboretum","4","Water Exclusion",2021,"aboveground",NA,NA,NA,NA,NA,NA,0.00685087919616351,0.00285453299840146,NA,NA,NA,0.0799269239552409,0.0114181319936058,0.0342543959808175,NA,0.0013701758392327,0.108472253939256,0.108472253939256,NA,0.445307147750628,NA,0.0456725279744234,NA,NA,0.0142726649920073,0.00570906599680292,NA,0.0222653573875314,0.0456725279744234,0.00570906599680292,NA,NA,NA,NA,NA,0.0599451929664307,0.00125599451929664,0.000570906599680292,NA,NA,NA,NA,NA,NA,NA,NA,NA,NA,NA,NA,NA,NA,NA,NA,NA,NA,NA,NA,NA,NA,NA,NA,NA,NA,NA,NA,NA,NA,NA,NA,NA,NA
"17","Arboretum","5","Control",2021,"aboveground",NA,NA,NA,NA,NA,NA,NA,NA,NA,NA,0.0153762662807525,0.228232030873131,0.0195972021225277,0.0120598166907863,NA,0.0011456825856247,0.0120598166907863,0.00361794500723589,NA,0.346418234442836,0.00301495417269657,NA,NA,NA,NA,0.0678364688856729,NA,0.0367824409068982,0.00814037626628075,0.147732754462132,0.00301495417269657,0.0934635793535938,0.00150747708634829,NA,NA,NA,NA,NA,NA,NA,NA,NA,NA,NA,NA,NA,NA,NA,NA,NA,NA,NA,NA,NA,NA,NA,NA,NA,NA,NA,NA,NA,NA,NA,NA,NA,NA,NA,NA,NA,NA,NA
"18","Arboretum","6","Control",2021,"aboveground",NA,0.000318999617200459,NA,NA,NA,NA,NA,0.000318999617200459,NA,NA,0.0752839096593084,0.484879418144698,0.00956998851601378,0.027114967462039,NA,0.000574199310960827,0.00318999617200459,0.0637999234400919,NA,0.210539747352303,NA,NA,NA,NA,0.00446599464080643,NA,NA,0.0414699502360597,0.0325379609544469,0.0398749521500574,NA,0.00446599464080643,NA,NA,NA,0.0015949980860023,NA,NA,NA,NA,NA,NA,NA,NA,NA,NA,NA,NA,NA,NA,NA,NA,NA,NA,NA,NA,NA,NA,NA,NA,NA,NA,NA,NA,NA,NA,NA,NA,NA,NA,NA,NA
"19","Arboretum","7","Water Exclusion",2021,"aboveground",NA,NA,NA,NA,NA,NA,NA,NA,NA,NA,NA,0.131973605278944,0.0011997600479904,0.101979604079184,NA,0.0023995200959808,0.425914817036593,0.00359928014397121,NA,0.155968806238752,0.002999400119976,NA,NA,NA,0.011997600479904,NA,NA,0.023995200959808,0.0719856028794241,0.023995200959808,NA,0.0299940011997601,NA,NA,NA,NA,NA,NA,0.011997600479904,NA,NA,NA,NA,NA,NA,NA,NA,NA,NA,NA,NA,NA,NA,NA,NA,NA,NA,NA,NA,NA,NA,NA,NA,NA,NA,NA,NA,NA,NA,NA,NA,NA
"20","Arboretum","8","Water Addition",2021,"aboveground",NA,0.00192931007871585,NA,NA,NA,NA,NA,NA,NA,NA,0.0389720635900602,NA,0.0115758604722951,NA,NA,0.00640530946133663,0.0077172403148634,0.0173637907084427,NA,0.216082728816175,0.0077172403148634,NA,NA,0.0192931007871585,0.0169779286926995,0.0740855070226887,NA,NA,0.162062046612131,0.262386170705356,0.0219941348973607,0.111128260534033,0.00192931007871585,NA,NA,NA,0.00617379225189072,NA,0.0162062046612131,NA,NA,NA,NA,NA,NA,NA,NA,NA,NA,NA,NA,NA,NA,NA,NA,NA,NA,NA,NA,NA,NA,NA,NA,NA,NA,NA,NA,NA,NA,NA,NA,NA
"21","Arboretum","9","Water Addition",2021,"aboveground",NA,NA,NA,NA,NA,NA,NA,0.000801603206412826,NA,0.00200400801603206,0.0216432865731463,0.12064128256513,0.011623246492986,0.00400801603206413,NA,0.00440881763527054,0.0661322645290581,0.128256513026052,NA,0.214428857715431,NA,NA,NA,NA,NA,0.018436873747495,NA,0.07374749498998,0.075751503006012,0.125450901803607,0.0865731462925852,NA,0.0120240480961924,NA,NA,NA,NA,NA,NA,0.0340681362725451,NA,NA,NA,NA,NA,NA,NA,NA,NA,NA,NA,NA,NA,NA,NA,NA,NA,NA,NA,NA,NA,NA,NA,NA,NA,NA,NA,NA,NA,NA,NA,NA
"22","Arboretum","10","Water Exclusion",2021,"aboveground",NA,0.00535004585753592,NA,NA,NA,NA,NA,NA,NA,0.00183430143686946,NA,0.0152858453072455,0.0206358911647814,0.172730051971874,NA,0.0359217364720269,NA,0.107000917150718,NA,0.343931519413024,NA,0.1681442983797,NA,NA,0.00152858453072455,0.00535004585753592,NA,0.0152858453072455,NA,0.0458575359217365,NA,NA,0.00764292265362275,NA,NA,0.0535004585753592,NA,NA,NA,NA,NA,NA,NA,NA,NA,NA,NA,NA,NA,NA,NA,NA,NA,NA,NA,NA,NA,NA,NA,NA,NA,NA,NA,NA,NA,NA,NA,NA,NA,NA,NA,NA
"23","Arboretum","11","Control",2021,"aboveground",NA,NA,NA,NA,NA,NA,0.00255994538783173,0.00213328782319311,NA,NA,0.103251130642546,0.183462752794607,0.000853315129277242,NA,NA,0.00162129874562676,0.0115197542452428,0.0452257018516938,NA,0.290127143954262,0.00426657564638621,0.0298660295247035,NA,0.00853315129277242,NA,0.00213328782319311,NA,0.0127997269391586,0.0981312398668828,0.0571721136615752,0.0170663025855448,0.127997269391586,0.00127997269391586,NA,NA,NA,NA,NA,NA,NA,NA,NA,NA,NA,NA,NA,NA,NA,NA,NA,NA,NA,NA,NA,NA,NA,NA,NA,NA,NA,NA,NA,NA,NA,NA,NA,NA,NA,NA,NA,NA,NA
"24","Arboretum","12","Water Addition",2021,"aboveground",NA,NA,NA,NA,NA,NA,0.000356531660011409,0.000713063320022818,NA,0.00713063320022818,0.0160439247005134,0.15687393040502,0.00926982316029663,0.0730889903023388,NA,0.000285225328009127,0.000356531660011409,0.00926982316029663,NA,0.356531660011409,NA,NA,NA,NA,0.0135482030804335,0.0695236737022248,NA,0.0356531660011409,NA,0.160439247005134,0.0477752424415288,0.0320878494010268,0.000356531660011409,NA,NA,0.0106959498003423,NA,NA,NA,NA,NA,NA,NA,NA,NA,NA,NA,NA,NA,NA,NA,NA,NA,NA,NA,NA,NA,NA,NA,NA,NA,NA,NA,NA,NA,NA,NA,NA,NA,NA,NA,NA
"25","Black Point","1","Water Exclusion",2021,"aboveground",0.0274725274725275,0.0274725274725275,NA,NA,0.148351648351648,NA,NA,NA,NA,NA,NA,NA,NA,NA,NA,NA,NA,NA,NA,NA,NA,NA,NA,NA,NA,NA,NA,NA,NA,NA,NA,NA,NA,NA,NA,NA,NA,NA,NA,NA,0.796703296703297,NA,NA,NA,NA,NA,NA,NA,NA,NA,NA,NA,NA,NA,NA,NA,NA,NA,NA,NA,NA,NA,NA,NA,NA,NA,NA,NA,NA,NA,NA,NA
"26","Black Point","2","Water Exclusion",2021,"aboveground",0.0168634064080944,0.130691399662732,NA,NA,0.345699831365936,NA,NA,NA,0.000843170320404722,NA,NA,NA,NA,NA,NA,NA,NA,NA,NA,NA,NA,NA,NA,NA,NA,NA,NA,NA,NA,NA,NA,NA,NA,NA,NA,NA,NA,NA,NA,NA,0.505902192242833,NA,NA,NA,NA,NA,NA,NA,NA,NA,NA,NA,NA,NA,NA,NA,NA,NA,NA,NA,NA,NA,NA,NA,NA,NA,NA,NA,NA,NA,NA,NA
"27","Black Point","3","Control",2021,"aboveground",0.313092979127135,0.240986717267552,NA,NA,0.265654648956357,NA,NA,NA,NA,NA,NA,NA,NA,NA,NA,NA,NA,NA,NA,NA,NA,NA,NA,NA,NA,NA,NA,NA,NA,NA,NA,NA,NA,NA,NA,NA,NA,NA,NA,NA,0.180265654648956,NA,NA,NA,NA,NA,NA,NA,NA,NA,NA,NA,NA,NA,NA,NA,NA,NA,NA,NA,NA,NA,NA,NA,NA,NA,NA,NA,NA,NA,NA,NA
"28","Black Point","4","Water Exclusion",2021,"aboveground",0.232732732732733,0.0127627627627628,NA,NA,0.00375375375375375,NA,NA,NA,NA,NA,NA,NA,NA,NA,NA,NA,NA,NA,NA,NA,NA,NA,NA,NA,NA,NA,NA,NA,NA,NA,NA,NA,NA,NA,NA,NA,NA,NA,NA,NA,0.750750750750751,NA,NA,NA,NA,NA,NA,NA,NA,NA,NA,NA,NA,NA,NA,NA,NA,NA,NA,NA,NA,NA,NA,NA,NA,NA,NA,NA,NA,NA,NA,NA
"29","Black Point","5","Control",2021,"aboveground",0.157212317666126,0.177471636952998,NA,NA,0.421393841166937,NA,NA,NA,0.000810372771474879,NA,NA,NA,NA,NA,NA,NA,NA,NA,NA,NA,NA,NA,NA,NA,NA,NA,NA,NA,NA,NA,NA,NA,NA,NA,NA,NA,NA,NA,NA,NA,0.243111831442464,NA,NA,NA,NA,NA,NA,NA,NA,NA,NA,NA,NA,NA,NA,NA,NA,NA,NA,NA,NA,NA,NA,NA,NA,NA,NA,NA,NA,NA,NA,NA
"30","Black Point","6","Control",2021,"aboveground",0.217654171704958,0.367593712212817,NA,NA,0.362756952841596,NA,NA,NA,0.00362756952841596,NA,NA,NA,NA,NA,NA,NA,NA,NA,NA,NA,NA,NA,NA,NA,NA,NA,NA,NA,NA,NA,NA,NA,NA,NA,NA,NA,NA,NA,NA,NA,0.0483675937122128,NA,NA,NA,NA,NA,NA,NA,NA,NA,NA,NA,NA,NA,NA,NA,NA,NA,NA,NA,NA,NA,NA,NA,NA,NA,NA,NA,NA,NA,NA,NA
"31","Black Point","7","Water Exclusion",2021,"aboveground",0.0121951219512195,0.0048780487804878,NA,NA,0.251219512195122,NA,NA,NA,NA,NA,NA,NA,NA,NA,NA,NA,NA,NA,NA,NA,NA,NA,NA,NA,NA,NA,NA,NA,NA,NA,NA,NA,NA,NA,NA,NA,NA,NA,NA,NA,0.536585365853659,0.195121951219512,NA,NA,NA,NA,NA,NA,NA,NA,NA,NA,NA,NA,NA,NA,NA,NA,NA,NA,NA,NA,NA,NA,NA,NA,NA,NA,NA,NA,NA,NA
"32","Black Point","8","Control",2021,"aboveground",0.0262852725164283,0.350792423656745,NA,NA,0.579822187862389,NA,NA,NA,0.000966370313103981,NA,NA,NA,NA,NA,NA,NA,NA,NA,NA,NA,NA,NA,NA,NA,NA,NA,NA,NA,NA,NA,NA,NA,NA,NA,NA,NA,NA,NA,NA,NA,0.0405875531503672,NA,0.00154619250096637,NA,NA,NA,NA,NA,NA,NA,NA,NA,NA,NA,NA,NA,NA,NA,NA,NA,NA,NA,NA,NA,NA,NA,NA,NA,NA,NA,NA,NA
"33","Black Point","9","Water Addition",2021,"aboveground",0.356986899563319,0.126637554585153,NA,NA,0.109170305676856,NA,NA,NA,0.00109170305676856,0.00109170305676856,NA,NA,NA,NA,NA,NA,NA,NA,NA,NA,NA,NA,NA,NA,NA,NA,NA,NA,NA,NA,NA,NA,NA,NA,NA,NA,NA,NA,NA,NA,0.393013100436681,NA,0.00109170305676856,0.0109170305676856,NA,NA,NA,NA,NA,NA,NA,NA,NA,NA,NA,NA,NA,NA,NA,NA,NA,NA,NA,NA,NA,NA,NA,NA,NA,NA,NA,NA
"34","Black Point","10","Water Addition",2021,"aboveground",0.126675603217158,0.601876675603217,NA,NA,0.0603217158176944,NA,NA,NA,NA,NA,NA,NA,NA,NA,NA,NA,NA,NA,NA,NA,NA,NA,NA,NA,NA,NA,NA,NA,NA,NA,NA,NA,NA,NA,NA,NA,NA,NA,NA,NA,0.21112600536193,NA,NA,NA,NA,NA,NA,NA,NA,NA,NA,NA,NA,NA,NA,NA,NA,NA,NA,NA,NA,NA,NA,NA,NA,NA,NA,NA,NA,NA,NA,NA
"35","Black Point","11","Water Addition",2021,"aboveground",0.345041964563258,0.271059993783028,NA,NA,NA,NA,NA,NA,0.00155424308361828,0.00155424308361828,NA,NA,NA,NA,NA,NA,NA,NA,NA,NA,NA,NA,NA,NA,NA,NA,NA,NA,NA,NA,NA,NA,NA,NA,NA,NA,NA,NA,NA,NA,0.00777121541809139,NA,NA,NA,0.373018340068387,NA,NA,NA,NA,NA,NA,NA,NA,NA,NA,NA,NA,NA,NA,NA,NA,NA,NA,NA,NA,NA,NA,NA,NA,NA,NA,NA
"36","Black Point","12","Water Addition",2021,"aboveground",0.495164410058027,0.253384912959381,NA,NA,0.251450676982592,NA,NA,NA,NA,NA,NA,NA,NA,NA,NA,NA,NA,NA,NA,NA,NA,NA,NA,NA,NA,NA,NA,NA,NA,NA,NA,NA,NA,NA,NA,NA,NA,NA,NA,NA,NA,NA,NA,NA,NA,NA,NA,NA,NA,NA,NA,NA,NA,NA,NA,NA,NA,NA,NA,NA,NA,NA,NA,NA,NA,NA,NA,NA,NA,NA,NA,NA
"37","Blue Chute","1","Water Addition",2021,"aboveground",NA,NA,NA,NA,0.00168833361472227,NA,0.130001688333615,NA,0.00422083403680567,NA,NA,NA,NA,NA,NA,NA,NA,NA,NA,NA,NA,NA,NA,NA,NA,0.466824244470707,NA,NA,NA,NA,NA,NA,NA,NA,NA,NA,NA,0.00168833361472227,NA,NA,NA,NA,NA,NA,NA,0.142326523721087,0.18571669761945,0.025325004220834,0.0337666722944454,0.00844166807361135,NA,NA,NA,NA,NA,NA,NA,NA,NA,NA,NA,NA,NA,NA,NA,NA,NA,NA,NA,NA,NA,NA
"38","Blue Chute","2","Control",2021,"aboveground",NA,NA,0.020440251572327,NA,0.00707547169811321,NA,0.0786163522012578,NA,0.00157232704402516,0.00157232704402516,NA,NA,NA,NA,NA,NA,NA,NA,NA,NA,NA,NA,NA,NA,NA,0.536949685534591,NA,NA,NA,NA,NA,NA,NA,NA,NA,NA,NA,NA,NA,NA,NA,NA,NA,NA,NA,0.074685534591195,0.0511006289308176,NA,0.0314465408805031,NA,0.00786163522012578,0.102201257861635,0.0864779874213836,NA,NA,NA,NA,NA,NA,NA,NA,NA,NA,NA,NA,NA,NA,NA,NA,NA,NA,NA
"39","Blue Chute","3","Control",2021,"aboveground",NA,NA,0.0369913686806412,NA,0.0061652281134402,NA,NA,NA,0.00061652281134402,0.0154130702836005,NA,NA,NA,NA,NA,NA,NA,NA,NA,NA,NA,NA,NA,NA,NA,0.149815043156597,NA,NA,NA,NA,NA,NA,NA,NA,NA,NA,NA,NA,NA,NA,NA,NA,NA,NA,0.0339087546239211,0.376078914919852,0.0863131935881628,0.0986436498150432,0.0678175092478422,NA,0.0172626387176326,0.0493218249075216,NA,0.0123304562268804,0.0493218249075216,NA,NA,NA,NA,NA,NA,NA,NA,NA,NA,NA,NA,NA,NA,NA,NA,NA
"40","Blue Chute","4","Water Exclusion",2021,"aboveground",NA,0.0422163588390501,NA,NA,NA,NA,0.0580474934036939,NA,NA,NA,NA,NA,NA,NA,NA,NA,NA,NA,NA,NA,NA,NA,NA,NA,NA,NA,NA,NA,NA,NA,NA,NA,NA,NA,NA,NA,NA,NA,NA,NA,NA,NA,NA,NA,NA,NA,0.316622691292876,0.263852242744063,0.316622691292876,NA,0.00263852242744063,NA,NA,NA,NA,NA,NA,NA,NA,NA,NA,NA,NA,NA,NA,NA,NA,NA,NA,NA,NA,NA
"41","Blue Chute","5","Control",2021,"aboveground",NA,NA,0.00161759948236817,NA,NA,NA,0.113231963765772,NA,0.000808799741184083,NA,NA,NA,NA,NA,NA,NA,NA,NA,NA,NA,NA,NA,NA,NA,NA,0.250727919767066,NA,NA,NA,NA,NA,NA,NA,NA,NA,NA,NA,0.0181171142025235,NA,NA,NA,NA,NA,NA,NA,0.214331931413782,0.0161759948236817,0.0727919767065675,0.274991912002588,NA,0.000808799741184083,0.0363959883532837,NA,NA,NA,NA,NA,NA,NA,NA,NA,NA,NA,NA,NA,NA,NA,NA,NA,NA,NA,NA
"42","Blue Chute","6","Water Addition",2021,"aboveground",NA,0.00141043723554302,0.00282087447108604,NA,NA,NA,0.0916784203102962,NA,NA,NA,NA,NA,NA,NA,NA,NA,NA,NA,NA,NA,NA,NA,NA,NA,NA,0.529619181946403,NA,NA,NA,NA,NA,NA,NA,NA,NA,NA,NA,0.0176304654442877,NA,NA,NA,NA,NA,NA,NA,0.0916784203102962,NA,NA,0.260930888575458,NA,0.00423131170662906,NA,NA,NA,NA,NA,NA,NA,NA,NA,NA,NA,NA,NA,NA,NA,NA,NA,NA,NA,NA,NA
"43","Blue Chute","7","Control",2021,"aboveground",NA,0.0195930670685757,0.000753579502637528,NA,NA,NA,0.00376789751318764,NA,0.000753579502637528,0.0195930670685757,NA,NA,NA,NA,NA,NA,NA,NA,NA,NA,NA,NA,NA,NA,NA,0.283345892991711,NA,NA,NA,NA,NA,NA,NA,NA,NA,NA,NA,0.00150715900527506,NA,NA,NA,NA,NA,NA,0.105501130369254,0.270535041446873,NA,NA,0.275056518462698,NA,0.000753579502637528,0.0150715900527506,NA,NA,NA,0.00376789751318764,NA,NA,NA,NA,NA,NA,NA,NA,NA,NA,NA,NA,NA,NA,NA,NA
"44","Blue Chute","8","Water Exclusion",2021,"aboveground",NA,0.0139211136890951,0.00232018561484919,NA,0.0696055684454756,NA,0.215777262180974,NA,NA,NA,NA,NA,NA,NA,NA,NA,NA,NA,NA,NA,NA,NA,NA,NA,NA,0.111368909512761,NA,NA,NA,NA,NA,NA,NA,NA,NA,NA,NA,0.00696055684454756,NA,NA,NA,NA,NA,NA,NA,NA,0.556844547563805,NA,NA,NA,NA,0.0232018561484919,NA,NA,NA,NA,NA,NA,NA,NA,NA,NA,NA,NA,NA,NA,NA,NA,NA,NA,NA,NA
"45","Blue Chute","9","Water Addition",2021,"aboveground",NA,0.00620090946672178,0.00482292958522806,NA,0.00137797988149373,NA,0.0275595976298746,NA,NA,0.00234256579853934,NA,NA,NA,NA,NA,NA,NA,NA,NA,NA,NA,NA,NA,NA,NA,0.635937715309356,NA,NA,NA,NA,NA,NA,NA,NA,NA,NA,NA,0.0179137384594185,NA,NA,NA,NA,NA,NA,NA,0.00413393964448119,0.137797988149373,0.0413393964448119,0.0895686922970925,NA,0.0020669698222406,0.020669698222406,NA,NA,NA,NA,0.00826787928896238,NA,NA,NA,NA,NA,NA,NA,NA,NA,NA,NA,NA,NA,NA,NA
"46","Blue Chute","10","Water Exclusion",2021,"aboveground",NA,NA,NA,NA,0.127041742286751,NA,0.0544464609800363,NA,NA,NA,NA,NA,NA,NA,NA,NA,NA,NA,NA,NA,NA,NA,NA,NA,NA,NA,NA,NA,NA,NA,NA,NA,NA,NA,NA,NA,NA,NA,NA,NA,NA,NA,NA,NA,NA,NA,0.780399274047187,NA,NA,NA,0.00725952813067151,0.0308529945553539,NA,NA,NA,NA,NA,NA,NA,NA,NA,NA,NA,NA,NA,NA,NA,NA,NA,NA,NA,NA
"47","Blue Chute","11","Water Addition",2021,"aboveground",NA,0.133713283647523,0.0109601052170101,NA,0.00876808417360807,NA,0.0482244629548444,NA,NA,0.000876808417360807,NA,NA,NA,NA,NA,NA,NA,NA,NA,NA,NA,NA,NA,NA,NA,0.233669443226655,NA,NA,NA,NA,NA,NA,NA,NA,NA,NA,NA,0.000876808417360807,NA,NA,NA,NA,NA,NA,0.00438404208680403,0.0631302060499781,0.0876808417360807,0.0701446733888645,0.241122314774222,NA,NA,NA,NA,NA,NA,NA,NA,0.0701446733888645,0.0263042525208242,NA,NA,NA,NA,NA,NA,NA,NA,NA,NA,NA,NA,NA
"48","Blue Chute","12","Water Exclusion",2021,"aboveground",NA,NA,0.0273822562979189,NA,0.0273822562979189,NA,NA,NA,NA,NA,NA,NA,NA,NA,NA,NA,NA,NA,NA,NA,NA,NA,NA,NA,NA,0.00547645125958379,NA,NA,NA,NA,NA,NA,NA,NA,NA,NA,NA,0.0136911281489595,NA,NA,NA,NA,NA,NA,NA,0.0498357064622125,0.219058050383352,0.602409638554217,NA,NA,NA,NA,NA,NA,NA,NA,NA,NA,NA,0.0547645125958379,NA,NA,NA,NA,NA,NA,NA,NA,NA,NA,NA,NA
"49","Camp Colton","1","Control",2021,"aboveground",NA,NA,NA,NA,NA,NA,NA,NA,NA,NA,NA,NA,NA,NA,NA,0.00604570821153335,NA,NA,NA,0.0498272654796705,NA,NA,NA,NA,NA,NA,0.10629816635663,0.0298963592878023,NA,0.066436353972894,0.184693064044645,NA,NA,0.077066170608557,NA,0.0132872707945788,NA,NA,0.0158118522455488,NA,NA,NA,NA,NA,NA,NA,NA,NA,NA,NA,NA,NA,NA,NA,NA,NA,NA,NA,NA,NA,0.0866994419346266,0.0930108955620516,0.066436353972894,0.142173797501993,0.0315572681371246,0.00817167153866596,0.022588360350784,NA,NA,NA,NA,NA
"50","Camp Colton","2","Water Exclusion",2021,"aboveground",NA,NA,NA,NA,NA,NA,NA,NA,NA,NA,0.00412087912087912,NA,NA,NA,NA,0.00274725274725275,NA,NA,NA,0.0274725274725275,NA,0.00457875457875458,NA,NA,NA,NA,NA,0.0251831501831502,NA,0.0915750915750916,0.00457875457875458,NA,NA,0.173534798534799,NA,0.032051282051282,NA,NA,0.032967032967033,NA,NA,NA,NA,NA,NA,NA,NA,NA,NA,NA,NA,NA,NA,NA,NA,NA,NA,NA,NA,NA,0.0283882783882784,0.407509157509158,0.0778388278388278,0.0448717948717949,NA,NA,0.00366300366300366,0.0114468864468864,0.0274725274725275,NA,NA,NA
"51","Camp Colton","3","Control",2021,"aboveground",NA,NA,NA,NA,NA,NA,NA,NA,NA,NA,0.0250471316994344,NA,NA,NA,NA,0.00107729598707245,NA,NA,NA,0.000538647993536224,NA,NA,NA,NA,NA,NA,0.0107729598707245,0.00807971990304336,NA,0.290869916509561,0.0403985995152168,NA,NA,0.0390519795313762,0.0377053595475357,NA,NA,NA,0.00538647993536224,NA,NA,NA,NA,NA,NA,NA,NA,NA,NA,NA,NA,NA,NA,NA,NA,NA,NA,NA,NA,NA,0.00484783194182602,0.36089415566927,0.0175060597899273,0.0123889038513332,NA,0.000269323996768112,0.00107729598707245,0.00269323996768112,NA,0.140048478319418,0.00134661998384056,NA
"52","Camp Colton","4","Water Addition",2021,"aboveground",NA,NA,NA,NA,NA,NA,NA,NA,NA,NA,NA,NA,NA,NA,NA,0.00324763193504736,NA,NA,NA,0.054127198917456,NA,NA,NA,NA,NA,NA,0.00866035182679296,0.0054127198917456,NA,0.276048714479026,0.148849797023004,NA,NA,0.00568335588633288,NA,0.0311231393775372,NA,NA,0.00595399188092016,NA,NA,NA,NA,NA,NA,NA,NA,NA,NA,NA,NA,NA,NA,NA,NA,NA,NA,NA,NA,NA,0.0132611637347767,0.146143437077131,0.0460081190798376,0.0384303112313938,NA,0.0817320703653586,0.0054127198917456,NA,NA,0.0649526387009472,0.0216508795669824,0.0433017591339648
"53","Camp Colton","5","Water Exclusion",2021,"aboveground",NA,NA,NA,NA,NA,NA,NA,NA,NA,NA,0.00455109640049648,NA,NA,NA,NA,NA,NA,NA,NA,0.0992966487381051,NA,NA,NA,NA,NA,NA,NA,0.0475796441870087,NA,0.0223417459660736,0.00165494414563508,NA,NA,0.16177079023583,NA,NA,NA,NA,NA,NA,NA,NA,NA,NA,NA,NA,NA,NA,NA,NA,NA,NA,NA,NA,NA,NA,NA,NA,NA,NA,NA,0.422010757136947,0.130326851468763,0.0153082333471245,NA,NA,0.0124120810922631,0.0496483243690525,NA,0.0330988829127017,NA,NA
"54","Camp Colton","6","Water Addition",2021,"aboveground",NA,NA,NA,NA,NA,NA,NA,NA,NA,NA,0.00896366269047783,NA,NA,NA,NA,0.000206853754395642,NA,NA,NA,0.00689512514652141,NA,NA,NA,NA,NA,NA,0.0358546507619113,0.0137902502930428,NA,0.38957457077846,0.0624008825760188,NA,NA,NA,NA,NA,NA,NA,0.014824519065021,NA,NA,NA,NA,NA,NA,NA,NA,NA,NA,NA,NA,NA,NA,NA,NA,NA,NA,NA,NA,NA,0.00310280631593463,0.337861132179549,0.00689512514652141,0.0513686823415845,NA,NA,0.00551610011721713,0.0420602633937806,NA,0.0206853754395642,NA,NA
"55","Camp Colton","7","Control",2021,"aboveground",NA,NA,NA,NA,NA,NA,NA,NA,NA,NA,NA,NA,NA,NA,NA,NA,NA,NA,NA,0.0232883092687471,NA,NA,NA,NA,NA,NA,0.0194069243906226,0.275578326346841,NA,0.145551932929669,0.147492625368732,NA,NA,NA,NA,0.0271696941468716,NA,NA,NA,NA,NA,NA,NA,NA,NA,NA,NA,NA,NA,NA,NA,NA,NA,NA,NA,NA,NA,NA,NA,NA,0.000776276975624903,0.221238938053097,0.0310510790249961,0.064430988976867,NA,0.00908244061481137,0.0349324639031206,NA,NA,NA,NA,NA
"56","Camp Colton","8","Water Exclusion",2021,"aboveground",NA,NA,NA,NA,NA,NA,NA,NA,NA,NA,NA,NA,NA,NA,NA,0.133814783347494,NA,NA,NA,0.174171622769754,NA,0.0998300764655905,NA,NA,NA,NA,NA,0.133814783347494,NA,0.123194562446899,0.0127442650807137,NA,NA,0.18606627017842,NA,NA,NA,NA,0.0212404418011895,NA,NA,NA,NA,NA,NA,NA,NA,NA,NA,NA,NA,NA,NA,NA,NA,NA,NA,NA,NA,NA,NA,0.00849617672047579,NA,0.046304163126593,NA,0.00297366185216653,0.0531011045029737,NA,NA,NA,0.00424808836023789,NA
"57","Camp Colton","9","Water Addition",2021,"aboveground",NA,NA,NA,NA,NA,NA,NA,NA,NA,NA,NA,NA,NA,NA,NA,0.00205814252636995,NA,NA,NA,0.108052482634422,NA,NA,NA,NA,NA,NA,0.029585798816568,0.0352456907640854,NA,0.241831746848469,0.0656032930280422,NA,NA,0.0113197838950347,NA,NA,NA,NA,NA,NA,NA,NA,NA,NA,NA,NA,NA,NA,NA,NA,NA,NA,NA,NA,NA,NA,NA,NA,NA,NA,NA,0.0771803447388732,0.100334448160535,0.0149215333161821,NA,0.0154360689477746,0.0205814252636995,NA,NA,0.277849241059943,NA,NA
"58","Camp Colton","10","Water Exclusion",2021,"aboveground",NA,NA,NA,NA,NA,NA,NA,NA,NA,NA,0.0499486828600753,NA,NA,NA,NA,NA,NA,NA,NA,0.109476565172768,NA,0.0205268559698939,NA,NA,NA,NA,NA,0.0567909681833733,NA,0.153951419774205,0.00923708518645227,NA,NA,0.0157372562435854,NA,NA,NA,NA,NA,NA,NA,NA,NA,NA,NA,NA,NA,NA,NA,NA,NA,NA,NA,NA,NA,NA,NA,NA,NA,NA,NA,0.431063975367773,0.0410537119397879,0.0010263427984947,NA,NA,0.0017105713308245,0.0273691412931919,NA,0.0821074238795758,NA,NA
"59","Camp Colton","11","Water Addition",2021,"aboveground",NA,NA,NA,NA,NA,NA,NA,NA,NA,NA,0.00300364728599013,NA,NA,NA,NA,NA,NA,NA,NA,0.0514910963312594,NA,0.00214546234713581,NA,NA,0.0010727311735679,NA,0.0759493670886076,0.0278910105127655,NA,0.364728599013087,0.0313237502681828,NA,NA,0.00922548809268397,NA,NA,NA,NA,NA,NA,NA,NA,NA,NA,NA,NA,NA,NA,NA,NA,NA,NA,NA,NA,NA,NA,NA,NA,NA,NA,NA,0.261746406350569,0.0579274833726668,0.0148036901952371,NA,NA,0.0128727740828148,NA,NA,0.0858184938854323,NA,NA
"60","Camp Colton","12","Control",2021,"aboveground",NA,NA,NA,NA,NA,NA,NA,NA,NA,NA,NA,NA,NA,NA,NA,NA,NA,NA,NA,0.172498767865944,NA,NA,NA,NA,NA,NA,NA,0.0295712173484475,NA,0.146623952686052,0.0372104484967965,NA,NA,0.0202069985214391,NA,NA,NA,NA,0.0125677673730902,NA,NA,NA,NA,NA,NA,NA,NA,NA,NA,NA,NA,NA,NA,NA,NA,NA,NA,NA,NA,NA,NA,0.310497782158699,0.0110892065056678,0.0133070478068014,NA,NA,0.03942828979793,NA,NA,0.206998521439133,NA,NA
