"","Year","Site","Plot","Treatment","Species","PFT","canopycov_plot","relabun","type"
"1",2021,"Antelope","1","Water Addition","BOER","PG4",9.15,0.178798241328774,"aboveground"
"2",2021,"Antelope","1","Water Addition","CHSES","A",0.1,0.00195407914020518,"aboveground"
"3",2021,"Antelope","1","Water Addition","KOAM","PF",0.8,0.0156326331216414,"aboveground"
"4",2021,"Antelope","1","Water Addition","PLJA","PG4",5.25,0.102589154860772,"aboveground"
"5",2021,"Antelope","1","Water Addition","SATR","A",35.875,0.701025891548608,"aboveground"
"6",2021,"Antelope","2","Water Addition","BOER","PG4",9.925,0.180290644868302,"aboveground"
"7",2021,"Antelope","2","Water Addition","CHSES","A",0.075,0.00136239782016349,"aboveground"
"8",2021,"Antelope","2","Water Addition","PLJA","PG4",9,0.163487738419619,"aboveground"
"9",2021,"Antelope","2","Water Addition","SATR","A",36.05,0.654859218891916,"aboveground"
"10",2021,"Antelope","3","Control","BOER","PG4",2.4,0.0472673559822747,"aboveground"
"11",2021,"Antelope","3","Control","CAJA","PF",3.5,0.068931560807484,"aboveground"
"12",2021,"Antelope","3","Control","KOAM","PF",0.025,0.000492368291482029,"aboveground"
"13",2021,"Antelope","3","Control","PLJA","PG4",5.25,0.103397341211226,"aboveground"
"14",2021,"Antelope","3","Control","SATR","A",39.6,0.779911373707533,"aboveground"
"15",2021,"Antelope","4","Water Exclusion","BOER","PG4",0.3,0.00878477306002928,"aboveground"
"16",2021,"Antelope","4","Water Exclusion","CHEN","A",0.3,0.00878477306002928,"aboveground"
"17",2021,"Antelope","4","Water Exclusion","SATR","A",33.55,0.982430453879941,"aboveground"
"18",2021,"Antelope","5","Water Addition","BOER","PG4",16.75,0.300286841161707,"aboveground"
"19",2021,"Antelope","5","Water Addition","CHSES","A",0.005,8.96378630333453e-05,"aboveground"
"20",2021,"Antelope","5","Water Addition","PLJA","PG4",6.925,0.124148440301183,"aboveground"
"21",2021,"Antelope","5","Water Addition","SATR","A",32.1,0.575475080674077,"aboveground"
"22",2021,"Antelope","6","Water Exclusion","BOER","PG4",0.75,0.0204220558202859,"aboveground"
"23",2021,"Antelope","6","Water Exclusion","KOAM","PF",0.05,0.00136147038801906,"aboveground"
"24",2021,"Antelope","6","Water Exclusion","LILE","PF",0.5,0.0136147038801906,"aboveground"
"25",2021,"Antelope","6","Water Exclusion","SATR","A",29.3,0.797821647379169,"aboveground"
"26",2021,"Antelope","6","Water Exclusion","SPHA","PF",6,0.163376446562287,"aboveground"
"27",2021,"Antelope","6","Water Exclusion","UKFO","A",0.125,0.00340367597004765,"aboveground"
"28",2021,"Antelope","7","Control","BOER","PG4",9.8,0.189646831156265,"aboveground"
"29",2021,"Antelope","7","Control","CHSES","A",0.05,0.000967585873246251,"aboveground"
"30",2021,"Antelope","7","Control","KOAM","PF",0.15,0.00290275761973875,"aboveground"
"31",2021,"Antelope","7","Control","PLJA","PG4",9.5,0.183841315916788,"aboveground"
"32",2021,"Antelope","7","Control","SATR","A",32.15,0.622157716497339,"aboveground"
"33",2021,"Antelope","7","Control","UKFO","A",0.025,0.000483792936623125,"aboveground"
"34",2021,"Antelope","8","Control","BOER","PG4",9.825,0.195522388059701,"aboveground"
"35",2021,"Antelope","8","Control","CHSES","A",0.3,0.00597014925373134,"aboveground"
"36",2021,"Antelope","8","Control","KOAM","PF",1.9,0.0378109452736318,"aboveground"
"37",2021,"Antelope","8","Control","PLJA","PG4",10,0.199004975124378,"aboveground"
"38",2021,"Antelope","8","Control","SATR","A",28.175,0.560696517412935,"aboveground"
"39",2021,"Antelope","8","Control","SPHA","PF",0.05,0.000995024875621891,"aboveground"
"40",2021,"Antelope","9","Water Exclusion","PLJA","PG4",0.05,0.00116144018583043,"aboveground"
"41",2021,"Antelope","9","Water Exclusion","SATR","A",43,0.99883855981417,"aboveground"
"42",2021,"Antelope","10","Control","BOER","PG4",8.7,0.159194876486734,"aboveground"
"43",2021,"Antelope","10","Control","CHSES","A",0.15,0.00274473924977127,"aboveground"
"44",2021,"Antelope","10","Control","KOAM","PF",0.05,0.000914913083257091,"aboveground"
"45",2021,"Antelope","10","Control","SATR","A",45.75,0.837145471180238,"aboveground"
"46",2021,"Antelope","11","Water Addition","BOER","PG4",11.75,0.247759620453347,"aboveground"
"47",2021,"Antelope","11","Water Addition","CHSES","A",0.1,0.00210859251449657,"aboveground"
"48",2021,"Antelope","11","Water Addition","KOAM","PF",0.275,0.00579862941486558,"aboveground"
"49",2021,"Antelope","11","Water Addition","PLJA","PG4",0.05,0.00105429625724829,"aboveground"
"50",2021,"Antelope","11","Water Addition","SATR","A",35.25,0.743278861360042,"aboveground"
"51",2021,"Antelope","12","Water Exclusion","KOAM","PF",0.125,0.00295508274231679,"aboveground"
"52",2021,"Antelope","12","Water Exclusion","SATR","A",42.175,0.997044917257683,"aboveground"
"53",2021,"Arboretum","1","Water Exclusion","ACMI","PF",0.1,0.00152683410947401,"aboveground"
"54",2021,"Arboretum","1","Water Exclusion","ARCA","PF",1,0.0152683410947401,"aboveground"
"55",2021,"Arboretum","1","Water Exclusion","ARFE","PF",0.6,0.00916100465684403,"aboveground"
"56",2021,"Arboretum","1","Water Exclusion","ASHU","PF",0.25,0.00381708527368501,"aboveground"
"57",2021,"Arboretum","1","Water Exclusion","COAR","PF",28.25,0.431330635926407,"aboveground"
"58",2021,"Arboretum","1","Water Exclusion","ERFL","A",0.41,0.00626001984884342,"aboveground"
"59",2021,"Arboretum","1","Water Exclusion","LASE","A",1.5,0.0229025116421101,"aboveground"
"60",2021,"Arboretum","1","Water Exclusion","LUKI","A",12.75,0.194671348957936,"aboveground"
"61",2021,"Arboretum","1","Water Exclusion","PLRI","PG4",0.125,0.00190854263684251,"aboveground"
"62",2021,"Arboretum","1","Water Exclusion","POHI","PF",14.5,0.221390945873731,"aboveground"
"63",2021,"Arboretum","1","Water Exclusion","PSMO","PF",1.5,0.0229025116421101,"aboveground"
"64",2021,"Arboretum","1","Water Exclusion","TRDU","A",4.5,0.0687075349263302,"aboveground"
"65",2021,"Arboretum","1","Water Exclusion","UKGR","PG3",0.01,0.000152683410947401,"aboveground"
"66",2021,"Arboretum","2","Control","ACMI","PF",3.375,0.0425143289034452,"aboveground"
"67",2021,"Arboretum","2","Control","ALGE","PF",4.25,0.053536562322857,"aboveground"
"68",2021,"Arboretum","2","Control","ANRO","PF",0.125,0.00157460477420168,"aboveground"
"69",2021,"Arboretum","2","Control","ARCA","PF",16.5,0.207847830194621,"aboveground"
"70",2021,"Arboretum","2","Control","ARFE","PF",2,0.0251936763872268,"aboveground"
"71",2021,"Arboretum","2","Control","ASHU","PF",1.3,0.0163758896516974,"aboveground"
"72",2021,"Arboretum","2","Control","BOGR","PG4",0.4,0.00503873527744536,"aboveground"
"73",2021,"Arboretum","2","Control","BRPO","PG3",2,0.0251936763872268,"aboveground"
"74",2021,"Arboretum","2","Control","CHEN","A",0.4,0.00503873527744536,"aboveground"
"75",2021,"Arboretum","2","Control","COAR","PF",3.875,0.0488127480002519,"aboveground"
"76",2021,"Arboretum","2","Control","ELEL","PG3",0.425,0.0053536562322857,"aboveground"
"77",2021,"Arboretum","2","Control","EPBR","A",7,0.0881778673552938,"aboveground"
"78",2021,"Arboretum","2","Control","ERFL","A",0.21,0.00264533602065881,"aboveground"
"79",2021,"Arboretum","2","Control","FEAR","PG3",5.4,0.0680229262455124,"aboveground"
"80",2021,"Arboretum","2","Control","LILE","PF",0.025,0.000314920954840335,"aboveground"
"81",2021,"Arboretum","2","Control","LUKI","A",8.75,0.110222334194117,"aboveground"
"82",2021,"Arboretum","2","Control","MUMO","PG4",1.05,0.0132266801032941,"aboveground"
"83",2021,"Arboretum","2","Control","MURI","PG4",4.5,0.0566857718712603,"aboveground"
"84",2021,"Arboretum","2","Control","PODO","A",0.05,0.00062984190968067,"aboveground"
"85",2021,"Arboretum","2","Control","POHI","PF",17,0.214146249291428,"aboveground"
"86",2021,"Arboretum","2","Control","PSMO","PF",0.75,0.00944762864521005,"aboveground"
"87",2021,"Arboretum","3","Water Addition","ACMI","PF",15.95,0.17289972899729,"aboveground"
"88",2021,"Arboretum","3","Water Addition","ALGE","PF",1,0.010840108401084,"aboveground"
"89",2021,"Arboretum","3","Water Addition","ANRO","PF",2.775,0.0300813008130081,"aboveground"
"90",2021,"Arboretum","3","Water Addition","ARCA","PF",4,0.043360433604336,"aboveground"
"91",2021,"Arboretum","3","Water Addition","ARFE","PF",1.25,0.013550135501355,"aboveground"
"92",2021,"Arboretum","3","Water Addition","ASHU","PF",9.25,0.100271002710027,"aboveground"
"93",2021,"Arboretum","3","Water Addition","BOGR","PG4",2.375,0.0257452574525745,"aboveground"
"94",2021,"Arboretum","3","Water Addition","CAGE","PG3",0.75,0.00813008130081301,"aboveground"
"95",2021,"Arboretum","3","Water Addition","CIWH","PF",6.5,0.0704607046070461,"aboveground"
"96",2021,"Arboretum","3","Water Addition","ELEL","PG3",5.5,0.0596205962059621,"aboveground"
"97",2021,"Arboretum","3","Water Addition","ERFL","A",0.2,0.0021680216802168,"aboveground"
"98",2021,"Arboretum","3","Water Addition","ERRA","PF",0.25,0.002710027100271,"aboveground"
"99",2021,"Arboretum","3","Water Addition","FEAR","PG3",4.5,0.0487804878048781,"aboveground"
"100",2021,"Arboretum","3","Water Addition","LASE","A",0.125,0.0013550135501355,"aboveground"
"101",2021,"Arboretum","3","Water Addition","LILE","PF",0.05,0.000542005420054201,"aboveground"
"102",2021,"Arboretum","3","Water Addition","LUKI","A",2.25,0.024390243902439,"aboveground"
"103",2021,"Arboretum","3","Water Addition","MUMO","PG4",0.225,0.0024390243902439,"aboveground"
"104",2021,"Arboretum","3","Water Addition","MURI","PG4",1.75,0.018970189701897,"aboveground"
"105",2021,"Arboretum","3","Water Addition","PODO","A",2.8,0.0303523035230352,"aboveground"
"106",2021,"Arboretum","3","Water Addition","POHI","PF",29.25,0.317073170731707,"aboveground"
"107",2021,"Arboretum","3","Water Addition","TRDU","A",1.5,0.016260162601626,"aboveground"
"108",2021,"Arboretum","4","Water Exclusion","ANRO","PF",0.625,0.0142726649920073,"aboveground"
"109",2021,"Arboretum","4","Water Exclusion","ARCA","PF",3.5,0.0799269239552409,"aboveground"
"110",2021,"Arboretum","4","Water Exclusion","ARFE","PF",0.5,0.0114181319936058,"aboveground"
"111",2021,"Arboretum","4","Water Exclusion","ASHU","PF",1.5,0.0342543959808175,"aboveground"
"112",2021,"Arboretum","4","Water Exclusion","BOGR","PG4",0.25,0.00570906599680292,"aboveground"
"113",2021,"Arboretum","4","Water Exclusion","CHEN","A",0.3,0.00685087919616351,"aboveground"
"114",2021,"Arboretum","4","Water Exclusion","ELEL","PG3",0.975,0.0222653573875314,"aboveground"
"115",2021,"Arboretum","4","Water Exclusion","EPBR","A",2,0.0456725279744234,"aboveground"
"116",2021,"Arboretum","4","Water Exclusion","ERFL","A",0.06,0.0013701758392327,"aboveground"
"117",2021,"Arboretum","4","Water Exclusion","ERRA","PF",2.625,0.0599451929664307,"aboveground"
"118",2021,"Arboretum","4","Water Exclusion","FEAR","PG3",0.25,0.00570906599680292,"aboveground"
"119",2021,"Arboretum","4","Water Exclusion","LASE","A",4.75,0.108472253939256,"aboveground"
"120",2021,"Arboretum","4","Water Exclusion","LILE","PF",0.125,0.00285453299840146,"aboveground"
"121",2021,"Arboretum","4","Water Exclusion","LUKI","A",4.75,0.108472253939256,"aboveground"
"122",2021,"Arboretum","4","Water Exclusion","MESP","A",0.055,0.00125599451929664,"aboveground"
"123",2021,"Arboretum","4","Water Exclusion","POHI","PF",19.5,0.445307147750628,"aboveground"
"124",2021,"Arboretum","4","Water Exclusion","POOL","A",0.025,0.000570906599680292,"aboveground"
"125",2021,"Arboretum","4","Water Exclusion","TRDU","A",2,0.0456725279744234,"aboveground"
"126",2021,"Arboretum","5","Control","ACMI","PF",1.275,0.0153762662807525,"aboveground"
"127",2021,"Arboretum","5","Control","ARCA","PF",18.925,0.228232030873131,"aboveground"
"128",2021,"Arboretum","5","Control","ARFE","PF",1.625,0.0195972021225277,"aboveground"
"129",2021,"Arboretum","5","Control","ASHU","PF",1,0.0120598166907863,"aboveground"
"130",2021,"Arboretum","5","Control","BOGR","PG4",5.625,0.0678364688856729,"aboveground"
"131",2021,"Arboretum","5","Control","ELEL","PG3",3.05,0.0367824409068982,"aboveground"
"132",2021,"Arboretum","5","Control","EPBR","A",0.675,0.00814037626628075,"aboveground"
"133",2021,"Arboretum","5","Control","ERFL","A",0.095,0.0011456825856247,"aboveground"
"134",2021,"Arboretum","5","Control","FEAR","PG3",12.25,0.147732754462132,"aboveground"
"135",2021,"Arboretum","5","Control","LASE","A",1,0.0120598166907863,"aboveground"
"136",2021,"Arboretum","5","Control","LUKI","A",0.3,0.00361794500723589,"aboveground"
"137",2021,"Arboretum","5","Control","MUMO","PG4",0.25,0.00301495417269657,"aboveground"
"138",2021,"Arboretum","5","Control","MURI","PG4",7.75,0.0934635793535938,"aboveground"
"139",2021,"Arboretum","5","Control","PODO","A",0.125,0.00150747708634829,"aboveground"
"140",2021,"Arboretum","5","Control","POHI","PF",28.725,0.346418234442836,"aboveground"
"141",2021,"Arboretum","5","Control","PSMO","PF",0.25,0.00301495417269657,"aboveground"
"142",2021,"Arboretum","6","Control","ACMI","PF",5.9,0.0752839096593084,"aboveground"
"143",2021,"Arboretum","6","Control","ANRO","PF",0.35,0.00446599464080643,"aboveground"
"144",2021,"Arboretum","6","Control","ARCA","PF",38,0.484879418144698,"aboveground"
"145",2021,"Arboretum","6","Control","ARFE","PF",0.75,0.00956998851601378,"aboveground"
"146",2021,"Arboretum","6","Control","ASHU","PF",2.125,0.027114967462039,"aboveground"
"147",2021,"Arboretum","6","Control","CHSES","A",0.025,0.000318999617200459,"aboveground"
"148",2021,"Arboretum","6","Control","ELEL","PG3",3.25,0.0414699502360597,"aboveground"
"149",2021,"Arboretum","6","Control","EPBR","A",2.55,0.0325379609544469,"aboveground"
"150",2021,"Arboretum","6","Control","ERFL","A",0.045,0.000574199310960827,"aboveground"
"151",2021,"Arboretum","6","Control","ERRA","PF",0.125,0.0015949980860023,"aboveground"
"152",2021,"Arboretum","6","Control","FEAR","PG3",3.125,0.0398749521500574,"aboveground"
"153",2021,"Arboretum","6","Control","LASE","A",0.25,0.00318999617200459,"aboveground"
"154",2021,"Arboretum","6","Control","LILE","PF",0.025,0.000318999617200459,"aboveground"
"155",2021,"Arboretum","6","Control","LUKI","A",5,0.0637999234400919,"aboveground"
"156",2021,"Arboretum","6","Control","MURI","PG4",0.35,0.00446599464080643,"aboveground"
"157",2021,"Arboretum","6","Control","POHI","PF",16.5,0.210539747352303,"aboveground"
"158",2021,"Arboretum","7","Water Exclusion","ANRO","PF",0.5,0.011997600479904,"aboveground"
"159",2021,"Arboretum","7","Water Exclusion","ARCA","PF",5.5,0.131973605278944,"aboveground"
"160",2021,"Arboretum","7","Water Exclusion","ARFE","PF",0.05,0.0011997600479904,"aboveground"
"161",2021,"Arboretum","7","Water Exclusion","ASHU","PF",4.25,0.101979604079184,"aboveground"
"162",2021,"Arboretum","7","Water Exclusion","ELEL","PG3",1,0.023995200959808,"aboveground"
"163",2021,"Arboretum","7","Water Exclusion","EPBR","A",3,0.0719856028794241,"aboveground"
"164",2021,"Arboretum","7","Water Exclusion","ERFL","A",0.1,0.0023995200959808,"aboveground"
"165",2021,"Arboretum","7","Water Exclusion","ERFO","PF",0.5,0.011997600479904,"aboveground"
"166",2021,"Arboretum","7","Water Exclusion","FEAR","PG3",1,0.023995200959808,"aboveground"
"167",2021,"Arboretum","7","Water Exclusion","LASE","A",17.75,0.425914817036593,"aboveground"
"168",2021,"Arboretum","7","Water Exclusion","LUKI","A",0.15,0.00359928014397121,"aboveground"
"169",2021,"Arboretum","7","Water Exclusion","MURI","PG4",1.25,0.0299940011997601,"aboveground"
"170",2021,"Arboretum","7","Water Exclusion","POHI","PF",6.5,0.155968806238752,"aboveground"
"171",2021,"Arboretum","7","Water Exclusion","PSMO","PF",0.125,0.002999400119976,"aboveground"
"172",2021,"Arboretum","8","Water Addition","ACMI","PF",2.525,0.0389720635900602,"aboveground"
"173",2021,"Arboretum","8","Water Addition","ALGE","PF",1.25,0.0192931007871585,"aboveground"
"174",2021,"Arboretum","8","Water Addition","ANRO","PF",1.1,0.0169779286926995,"aboveground"
"175",2021,"Arboretum","8","Water Addition","ARFE","PF",0.75,0.0115758604722951,"aboveground"
"176",2021,"Arboretum","8","Water Addition","BOGR","PG4",4.8,0.0740855070226887,"aboveground"
"177",2021,"Arboretum","8","Water Addition","CHSES","A",0.125,0.00192931007871585,"aboveground"
"178",2021,"Arboretum","8","Water Addition","EPBR","A",10.5,0.162062046612131,"aboveground"
"179",2021,"Arboretum","8","Water Addition","ERFL","A",0.415,0.00640530946133663,"aboveground"
"180",2021,"Arboretum","8","Water Addition","ERFO","PF",1.05,0.0162062046612131,"aboveground"
"181",2021,"Arboretum","8","Water Addition","FEAR","PG3",17,0.262386170705356,"aboveground"
"182",2021,"Arboretum","8","Water Addition","LASE","A",0.5,0.0077172403148634,"aboveground"
"183",2021,"Arboretum","8","Water Addition","LUKI","A",1.125,0.0173637907084427,"aboveground"
"184",2021,"Arboretum","8","Water Addition","MESP","A",0.4,0.00617379225189072,"aboveground"
"185",2021,"Arboretum","8","Water Addition","MUMO","PG4",1.425,0.0219941348973607,"aboveground"
"186",2021,"Arboretum","8","Water Addition","MURI","PG4",7.2,0.111128260534033,"aboveground"
"187",2021,"Arboretum","8","Water Addition","PODO","A",0.125,0.00192931007871585,"aboveground"
"188",2021,"Arboretum","8","Water Addition","POHI","PF",14,0.216082728816175,"aboveground"
"189",2021,"Arboretum","8","Water Addition","PSMO","PF",0.5,0.0077172403148634,"aboveground"
"190",2021,"Arboretum","9","Water Addition","ACMI","PF",1.35,0.0216432865731463,"aboveground"
"191",2021,"Arboretum","9","Water Addition","ARCA","PF",7.525,0.12064128256513,"aboveground"
"192",2021,"Arboretum","9","Water Addition","ARFE","PF",0.725,0.011623246492986,"aboveground"
"193",2021,"Arboretum","9","Water Addition","ASHU","PF",0.25,0.00400801603206413,"aboveground"
"194",2021,"Arboretum","9","Water Addition","BOGR","PG4",1.15,0.018436873747495,"aboveground"
"195",2021,"Arboretum","9","Water Addition","ELEL","PG3",4.6,0.07374749498998,"aboveground"
"196",2021,"Arboretum","9","Water Addition","EPBR","A",4.725,0.075751503006012,"aboveground"
"197",2021,"Arboretum","9","Water Addition","ERFL","A",0.275,0.00440881763527054,"aboveground"
"198",2021,"Arboretum","9","Water Addition","FEAR","PG3",7.825,0.125450901803607,"aboveground"
"199",2021,"Arboretum","9","Water Addition","LASE","A",4.125,0.0661322645290581,"aboveground"
"200",2021,"Arboretum","9","Water Addition","LILE","PF",0.05,0.000801603206412826,"aboveground"
"201",2021,"Arboretum","9","Water Addition","LUKI","A",8,0.128256513026052,"aboveground"
"202",2021,"Arboretum","9","Water Addition","MUMO","PG4",5.4,0.0865731462925852,"aboveground"
"203",2021,"Arboretum","9","Water Addition","PEVI","PF",2.125,0.0340681362725451,"aboveground"
"204",2021,"Arboretum","9","Water Addition","PODO","A",0.75,0.0120240480961924,"aboveground"
"205",2021,"Arboretum","9","Water Addition","POHI","PF",13.375,0.214428857715431,"aboveground"
"206",2021,"Arboretum","9","Water Addition","UKFO","A",0.125,0.00200400801603206,"aboveground"
"207",2021,"Arboretum","10","Water Exclusion","ANRO","PF",0.05,0.00152858453072455,"aboveground"
"208",2021,"Arboretum","10","Water Exclusion","ARCA","PF",0.5,0.0152858453072455,"aboveground"
"209",2021,"Arboretum","10","Water Exclusion","ARFE","PF",0.675,0.0206358911647814,"aboveground"
"210",2021,"Arboretum","10","Water Exclusion","ASHU","PF",5.65,0.172730051971874,"aboveground"
"211",2021,"Arboretum","10","Water Exclusion","BOGR","PG4",0.175,0.00535004585753592,"aboveground"
"212",2021,"Arboretum","10","Water Exclusion","CHSES","A",0.175,0.00535004585753592,"aboveground"
"213",2021,"Arboretum","10","Water Exclusion","ELEL","PG3",0.5,0.0152858453072455,"aboveground"
"214",2021,"Arboretum","10","Water Exclusion","ERFL","A",1.175,0.0359217364720269,"aboveground"
"215",2021,"Arboretum","10","Water Exclusion","ERRA","PF",1.75,0.0535004585753592,"aboveground"
"216",2021,"Arboretum","10","Water Exclusion","FEAR","PG3",1.5,0.0458575359217365,"aboveground"
"217",2021,"Arboretum","10","Water Exclusion","LUKI","A",3.5,0.107000917150718,"aboveground"
"218",2021,"Arboretum","10","Water Exclusion","PODO","A",0.25,0.00764292265362275,"aboveground"
"219",2021,"Arboretum","10","Water Exclusion","POHI","PF",11.25,0.343931519413024,"aboveground"
"220",2021,"Arboretum","10","Water Exclusion","TRDU","A",5.5,0.1681442983797,"aboveground"
"221",2021,"Arboretum","10","Water Exclusion","UKFO","A",0.06,0.00183430143686946,"aboveground"
"222",2021,"Arboretum","11","Control","ACMI","PF",6.05,0.103251130642546,"aboveground"
"223",2021,"Arboretum","11","Control","ALGE","PF",0.5,0.00853315129277242,"aboveground"
"224",2021,"Arboretum","11","Control","ARCA","PF",10.75,0.183462752794607,"aboveground"
"225",2021,"Arboretum","11","Control","ARFE","PF",0.05,0.000853315129277242,"aboveground"
"226",2021,"Arboretum","11","Control","BOGR","PG4",0.125,0.00213328782319311,"aboveground"
"227",2021,"Arboretum","11","Control","CHEN","A",0.15,0.00255994538783173,"aboveground"
"228",2021,"Arboretum","11","Control","ELEL","PG3",0.75,0.0127997269391586,"aboveground"
"229",2021,"Arboretum","11","Control","EPBR","A",5.75,0.0981312398668828,"aboveground"
"230",2021,"Arboretum","11","Control","ERFL","A",0.095,0.00162129874562676,"aboveground"
"231",2021,"Arboretum","11","Control","FEAR","PG3",3.35,0.0571721136615752,"aboveground"
"232",2021,"Arboretum","11","Control","LASE","A",0.675,0.0115197542452428,"aboveground"
"233",2021,"Arboretum","11","Control","LILE","PF",0.125,0.00213328782319311,"aboveground"
"234",2021,"Arboretum","11","Control","LUKI","A",2.65,0.0452257018516938,"aboveground"
"235",2021,"Arboretum","11","Control","MUMO","PG4",1,0.0170663025855448,"aboveground"
"236",2021,"Arboretum","11","Control","MURI","PG4",7.5,0.127997269391586,"aboveground"
"237",2021,"Arboretum","11","Control","PODO","A",0.075,0.00127997269391586,"aboveground"
"238",2021,"Arboretum","11","Control","POHI","PF",17,0.290127143954262,"aboveground"
"239",2021,"Arboretum","11","Control","PSMO","PF",0.25,0.00426657564638621,"aboveground"
"240",2021,"Arboretum","11","Control","TRDU","A",1.75,0.0298660295247035,"aboveground"
"241",2021,"Arboretum","12","Water Addition","ACMI","PF",1.125,0.0160439247005134,"aboveground"
"242",2021,"Arboretum","12","Water Addition","ANRO","PF",0.95,0.0135482030804335,"aboveground"
"243",2021,"Arboretum","12","Water Addition","ARCA","PF",11,0.15687393040502,"aboveground"
"244",2021,"Arboretum","12","Water Addition","ARFE","PF",0.65,0.00926982316029663,"aboveground"
"245",2021,"Arboretum","12","Water Addition","ASHU","PF",5.125,0.0730889903023388,"aboveground"
"246",2021,"Arboretum","12","Water Addition","BOGR","PG4",4.875,0.0695236737022248,"aboveground"
"247",2021,"Arboretum","12","Water Addition","CHEN","A",0.025,0.000356531660011409,"aboveground"
"248",2021,"Arboretum","12","Water Addition","ELEL","PG3",2.5,0.0356531660011409,"aboveground"
"249",2021,"Arboretum","12","Water Addition","ERFL","A",0.02,0.000285225328009127,"aboveground"
"250",2021,"Arboretum","12","Water Addition","ERRA","PF",0.75,0.0106959498003423,"aboveground"
"251",2021,"Arboretum","12","Water Addition","FEAR","PG3",11.25,0.160439247005134,"aboveground"
"252",2021,"Arboretum","12","Water Addition","LASE","A",0.025,0.000356531660011409,"aboveground"
"253",2021,"Arboretum","12","Water Addition","LILE","PF",0.05,0.000713063320022818,"aboveground"
"254",2021,"Arboretum","12","Water Addition","LUKI","A",0.65,0.00926982316029663,"aboveground"
"255",2021,"Arboretum","12","Water Addition","MUMO","PG4",3.35,0.0477752424415288,"aboveground"
"256",2021,"Arboretum","12","Water Addition","MURI","PG4",2.25,0.0320878494010268,"aboveground"
"257",2021,"Arboretum","12","Water Addition","PODO","A",0.025,0.000356531660011409,"aboveground"
"258",2021,"Arboretum","12","Water Addition","POHI","PF",25,0.356531660011409,"aboveground"
"259",2021,"Arboretum","12","Water Addition","UKFO","A",0.5,0.00713063320022818,"aboveground"
"260",2021,"Black Point","1","Water Exclusion","ATCO","S",3.625,0.796703296703297,"aboveground"
"261",2021,"Black Point","1","Water Exclusion","BOER","PG4",0.125,0.0274725274725275,"aboveground"
"262",2021,"Black Point","1","Water Exclusion","CHSES","A",0.125,0.0274725274725275,"aboveground"
"263",2021,"Black Point","1","Water Exclusion","SATR","A",0.675,0.148351648351648,"aboveground"
"264",2021,"Black Point","2","Water Exclusion","ATCO","S",3,0.505902192242833,"aboveground"
"265",2021,"Black Point","2","Water Exclusion","BOER","PG4",0.1,0.0168634064080944,"aboveground"
"266",2021,"Black Point","2","Water Exclusion","CHSES","A",0.775,0.130691399662732,"aboveground"
"267",2021,"Black Point","2","Water Exclusion","SATR","A",2.05,0.345699831365936,"aboveground"
"268",2021,"Black Point","2","Water Exclusion","SPHA","PF",0.005,0.000843170320404722,"aboveground"
"269",2021,"Black Point","3","Control","ATCO","S",4.75,0.180265654648956,"aboveground"
"270",2021,"Black Point","3","Control","BOER","PG4",8.25,0.313092979127135,"aboveground"
"271",2021,"Black Point","3","Control","CHSES","A",6.35,0.240986717267552,"aboveground"
"272",2021,"Black Point","3","Control","SATR","A",7,0.265654648956357,"aboveground"
"273",2021,"Black Point","4","Water Exclusion","ATCO","S",5,0.750750750750751,"aboveground"
"274",2021,"Black Point","4","Water Exclusion","BOER","PG4",1.55,0.232732732732733,"aboveground"
"275",2021,"Black Point","4","Water Exclusion","CHSES","A",0.085,0.0127627627627628,"aboveground"
"276",2021,"Black Point","4","Water Exclusion","SATR","A",0.025,0.00375375375375375,"aboveground"
"277",2021,"Black Point","5","Control","ATCO","S",7.5,0.243111831442464,"aboveground"
"278",2021,"Black Point","5","Control","BOER","PG4",4.85,0.157212317666126,"aboveground"
"279",2021,"Black Point","5","Control","CHSES","A",5.475,0.177471636952998,"aboveground"
"280",2021,"Black Point","5","Control","SATR","A",13,0.421393841166937,"aboveground"
"281",2021,"Black Point","5","Control","SPHA","PF",0.025,0.000810372771474879,"aboveground"
"282",2021,"Black Point","6","Control","ATCO","S",1,0.0483675937122128,"aboveground"
"283",2021,"Black Point","6","Control","BOER","PG4",4.5,0.217654171704958,"aboveground"
"284",2021,"Black Point","6","Control","CHSES","A",7.6,0.367593712212817,"aboveground"
"285",2021,"Black Point","6","Control","SATR","A",7.5,0.362756952841596,"aboveground"
"286",2021,"Black Point","6","Control","SPHA","PF",0.075,0.00362756952841596,"aboveground"
"287",2021,"Black Point","7","Water Exclusion","ATCO","S",5.5,0.536585365853659,"aboveground"
"288",2021,"Black Point","7","Water Exclusion","BOER","PG4",0.125,0.0121951219512195,"aboveground"
"289",2021,"Black Point","7","Water Exclusion","CHSES","A",0.05,0.0048780487804878,"aboveground"
"290",2021,"Black Point","7","Water Exclusion","EPVI","S",2,0.195121951219512,"aboveground"
"291",2021,"Black Point","7","Water Exclusion","SATR","A",2.575,0.251219512195122,"aboveground"
"292",2021,"Black Point","8","Control","ATCO","S",1.05,0.0405875531503672,"aboveground"
"293",2021,"Black Point","8","Control","BOER","PG4",0.68,0.0262852725164283,"aboveground"
"294",2021,"Black Point","8","Control","CHSES","A",9.075,0.350792423656745,"aboveground"
"295",2021,"Black Point","8","Control","DAPU","PG4",0.04,0.00154619250096637,"aboveground"
"296",2021,"Black Point","8","Control","SATR","A",15,0.579822187862389,"aboveground"
"297",2021,"Black Point","8","Control","SPHA","PF",0.025,0.000966370313103981,"aboveground"
"298",2021,"Black Point","9","Water Addition","ATCO","S",9,0.393013100436681,"aboveground"
"299",2021,"Black Point","9","Water Addition","BOER","PG4",8.175,0.356986899563319,"aboveground"
"300",2021,"Black Point","9","Water Addition","CHSES","A",2.9,0.126637554585153,"aboveground"
"301",2021,"Black Point","9","Water Addition","DAPU","PG4",0.025,0.00109170305676856,"aboveground"
"302",2021,"Black Point","9","Water Addition","SATR","A",2.5,0.109170305676856,"aboveground"
"303",2021,"Black Point","9","Water Addition","SPAI","PG4",0.25,0.0109170305676856,"aboveground"
"304",2021,"Black Point","9","Water Addition","SPHA","PF",0.025,0.00109170305676856,"aboveground"
"305",2021,"Black Point","9","Water Addition","UKFO","A",0.025,0.00109170305676856,"aboveground"
"306",2021,"Black Point","10","Water Addition","ATCO","S",7.875,0.21112600536193,"aboveground"
"307",2021,"Black Point","10","Water Addition","BOER","PG4",4.725,0.126675603217158,"aboveground"
"308",2021,"Black Point","10","Water Addition","CHSES","A",22.45,0.601876675603217,"aboveground"
"309",2021,"Black Point","10","Water Addition","SATR","A",2.25,0.0603217158176944,"aboveground"
"310",2021,"Black Point","11","Water Addition","ATCO","S",0.125,0.00777121541809139,"aboveground"
"311",2021,"Black Point","11","Water Addition","BOER","PG4",5.55,0.345041964563258,"aboveground"
"312",2021,"Black Point","11","Water Addition","CHSES","A",4.36,0.271059993783028,"aboveground"
"313",2021,"Black Point","11","Water Addition","KRLA","S",6,0.373018340068387,"aboveground"
"314",2021,"Black Point","11","Water Addition","SPHA","PF",0.025,0.00155424308361828,"aboveground"
"315",2021,"Black Point","11","Water Addition","UKFO","A",0.025,0.00155424308361828,"aboveground"
"316",2021,"Black Point","12","Water Addition","BOER","PG4",12.8,0.495164410058027,"aboveground"
"317",2021,"Black Point","12","Water Addition","CHSES","A",6.55,0.253384912959381,"aboveground"
"318",2021,"Black Point","12","Water Addition","SATR","A",6.5,0.251450676982592,"aboveground"
"319",2021,"Blue Chute","1","Water Addition","BOGR","PG4",13.825,0.466824244470707,"aboveground"
"320",2021,"Blue Chute","1","Water Addition","CHEN","A",3.85,0.130001688333615,"aboveground"
"321",2021,"Blue Chute","1","Water Addition","CHRE","A",4.215,0.142326523721087,"aboveground"
"322",2021,"Blue Chute","1","Water Addition","ERNA","S",5.5,0.18571669761945,"aboveground"
"323",2021,"Blue Chute","1","Water Addition","GUSA","S",0.75,0.025325004220834,"aboveground"
"324",2021,"Blue Chute","1","Water Addition","HECO","PG3",1,0.0337666722944454,"aboveground"
"325",2021,"Blue Chute","1","Water Addition","JUMO","S",0.25,0.00844166807361135,"aboveground"
"326",2021,"Blue Chute","1","Water Addition","POOL","A",0.05,0.00168833361472227,"aboveground"
"327",2021,"Blue Chute","1","Water Addition","SATR","A",0.05,0.00168833361472227,"aboveground"
"328",2021,"Blue Chute","1","Water Addition","SPHA","PF",0.125,0.00422083403680567,"aboveground"
"329",2021,"Blue Chute","2","Control","BOGR","PG4",17.075,0.536949685534591,"aboveground"
"330",2021,"Blue Chute","2","Control","CHEN","A",2.5,0.0786163522012578,"aboveground"
"331",2021,"Blue Chute","2","Control","CHER","PF",0.25,0.00786163522012578,"aboveground"
"332",2021,"Blue Chute","2","Control","CHRE","A",2.375,0.074685534591195,"aboveground"
"333",2021,"Blue Chute","2","Control","ERNA","S",1.625,0.0511006289308176,"aboveground"
"334",2021,"Blue Chute","2","Control","HECO","PG3",1,0.0314465408805031,"aboveground"
"335",2021,"Blue Chute","2","Control","HELO","A",3.25,0.102201257861635,"aboveground"
"336",2021,"Blue Chute","2","Control","KOAM","PF",0.65,0.020440251572327,"aboveground"
"337",2021,"Blue Chute","2","Control","SATR","A",0.225,0.00707547169811321,"aboveground"
"338",2021,"Blue Chute","2","Control","SPHA","PF",0.05,0.00157232704402516,"aboveground"
"339",2021,"Blue Chute","2","Control","UKFO","A",0.05,0.00157232704402516,"aboveground"
"340",2021,"Blue Chute","2","Control","ZIGR","PF",2.75,0.0864779874213836,"aboveground"
"341",2021,"Blue Chute","3","Control","ARPU","PG4",0.5,0.0123304562268804,"aboveground"
"342",2021,"Blue Chute","3","Control","BOGR","PG4",6.075,0.149815043156597,"aboveground"
"343",2021,"Blue Chute","3","Control","BOGR ","PG4",2,0.0493218249075216,"aboveground"
"344",2021,"Blue Chute","3","Control","CHER","PF",0.7,0.0172626387176326,"aboveground"
"345",2021,"Blue Chute","3","Control","CHRE","A",15.25,0.376078914919852,"aboveground"
"346",2021,"Blue Chute","3","Control","ERNA","S",3.5,0.0863131935881628,"aboveground"
"347",2021,"Blue Chute","3","Control","GUSA","S",4,0.0986436498150432,"aboveground"
"348",2021,"Blue Chute","3","Control","HECO","PG3",2.75,0.0678175092478422,"aboveground"
"349",2021,"Blue Chute","3","Control","HELO","A",2,0.0493218249075216,"aboveground"
"350",2021,"Blue Chute","3","Control","KOAM","PF",1.5,0.0369913686806412,"aboveground"
"351",2021,"Blue Chute","3","Control","KRLA","S",1.375,0.0339087546239211,"aboveground"
"352",2021,"Blue Chute","3","Control","SATR","A",0.25,0.0061652281134402,"aboveground"
"353",2021,"Blue Chute","3","Control","SPHA","PF",0.025,0.00061652281134402,"aboveground"
"354",2021,"Blue Chute","3","Control","UKFO","A",0.625,0.0154130702836005,"aboveground"
"355",2021,"Blue Chute","4","Water Exclusion","CHEN","A",0.55,0.0580474934036939,"aboveground"
"356",2021,"Blue Chute","4","Water Exclusion","CHER","PF",0.025,0.00263852242744063,"aboveground"
"357",2021,"Blue Chute","4","Water Exclusion","CHSES","A",0.4,0.0422163588390501,"aboveground"
"358",2021,"Blue Chute","4","Water Exclusion","ERNA","S",3,0.316622691292876,"aboveground"
"359",2021,"Blue Chute","4","Water Exclusion","GUSA","S",2.5,0.263852242744063,"aboveground"
"360",2021,"Blue Chute","4","Water Exclusion","HECO","PG3",3,0.316622691292876,"aboveground"
"361",2021,"Blue Chute","5","Control","BOGR","PG4",7.75,0.250727919767066,"aboveground"
"362",2021,"Blue Chute","5","Control","CHEN","A",3.5,0.113231963765772,"aboveground"
"363",2021,"Blue Chute","5","Control","CHER","PF",0.025,0.000808799741184083,"aboveground"
"364",2021,"Blue Chute","5","Control","CHRE","A",6.625,0.214331931413782,"aboveground"
"365",2021,"Blue Chute","5","Control","ERNA","S",0.5,0.0161759948236817,"aboveground"
"366",2021,"Blue Chute","5","Control","GUSA","S",2.25,0.0727919767065675,"aboveground"
"367",2021,"Blue Chute","5","Control","HECO","PG3",8.5,0.274991912002588,"aboveground"
"368",2021,"Blue Chute","5","Control","HELO","A",1.125,0.0363959883532837,"aboveground"
"369",2021,"Blue Chute","5","Control","KOAM","PF",0.05,0.00161759948236817,"aboveground"
"370",2021,"Blue Chute","5","Control","POOL","A",0.56,0.0181171142025235,"aboveground"
"371",2021,"Blue Chute","5","Control","SPHA","PF",0.025,0.000808799741184083,"aboveground"
"372",2021,"Blue Chute","6","Water Addition","BOGR","PG4",18.775,0.529619181946403,"aboveground"
"373",2021,"Blue Chute","6","Water Addition","CHEN","A",3.25,0.0916784203102962,"aboveground"
"374",2021,"Blue Chute","6","Water Addition","CHER","PF",0.15,0.00423131170662906,"aboveground"
"375",2021,"Blue Chute","6","Water Addition","CHRE","A",3.25,0.0916784203102962,"aboveground"
"376",2021,"Blue Chute","6","Water Addition","CHSES","A",0.05,0.00141043723554302,"aboveground"
"377",2021,"Blue Chute","6","Water Addition","HECO","PG3",9.25,0.260930888575458,"aboveground"
"378",2021,"Blue Chute","6","Water Addition","KOAM","PF",0.1,0.00282087447108604,"aboveground"
"379",2021,"Blue Chute","6","Water Addition","POOL","A",0.625,0.0176304654442877,"aboveground"
"380",2021,"Blue Chute","7","Control","BOGR","PG4",9.4,0.283345892991711,"aboveground"
"381",2021,"Blue Chute","7","Control","CHEN","A",0.125,0.00376789751318764,"aboveground"
"382",2021,"Blue Chute","7","Control","CHER","PF",0.025,0.000753579502637528,"aboveground"
"383",2021,"Blue Chute","7","Control","CHRE","A",8.975,0.270535041446873,"aboveground"
"384",2021,"Blue Chute","7","Control","CHSES","A",0.65,0.0195930670685757,"aboveground"
"385",2021,"Blue Chute","7","Control","HECO","PG3",9.125,0.275056518462698,"aboveground"
"386",2021,"Blue Chute","7","Control","HELO","A",0.5,0.0150715900527506,"aboveground"
"387",2021,"Blue Chute","7","Control","KOAM","PF",0.025,0.000753579502637528,"aboveground"
"388",2021,"Blue Chute","7","Control","KRLA","S",3.5,0.105501130369254,"aboveground"
"389",2021,"Blue Chute","7","Control","POOL","A",0.05,0.00150715900527506,"aboveground"
"390",2021,"Blue Chute","7","Control","SOEL","PF",0.125,0.00376789751318764,"aboveground"
"391",2021,"Blue Chute","7","Control","SPHA","PF",0.025,0.000753579502637528,"aboveground"
"392",2021,"Blue Chute","7","Control","UKFO","A",0.65,0.0195930670685757,"aboveground"
"393",2021,"Blue Chute","8","Water Exclusion","BOGR","PG4",1.2,0.111368909512761,"aboveground"
"394",2021,"Blue Chute","8","Water Exclusion","CHEN","A",2.325,0.215777262180974,"aboveground"
"395",2021,"Blue Chute","8","Water Exclusion","CHSES","A",0.15,0.0139211136890951,"aboveground"
"396",2021,"Blue Chute","8","Water Exclusion","ERNA","S",6,0.556844547563805,"aboveground"
"397",2021,"Blue Chute","8","Water Exclusion","HELO","A",0.25,0.0232018561484919,"aboveground"
"398",2021,"Blue Chute","8","Water Exclusion","KOAM","PF",0.025,0.00232018561484919,"aboveground"
"399",2021,"Blue Chute","8","Water Exclusion","POOL","A",0.075,0.00696055684454756,"aboveground"
"400",2021,"Blue Chute","8","Water Exclusion","SATR","A",0.75,0.0696055684454756,"aboveground"
"401",2021,"Blue Chute","9","Water Addition","BOGR","PG4",23.075,0.635937715309356,"aboveground"
"402",2021,"Blue Chute","9","Water Addition","CHEN","A",1,0.0275595976298746,"aboveground"
"403",2021,"Blue Chute","9","Water Addition","CHER","PF",0.075,0.0020669698222406,"aboveground"
"404",2021,"Blue Chute","9","Water Addition","CHRE","A",0.15,0.00413393964448119,"aboveground"
"405",2021,"Blue Chute","9","Water Addition","CHSES","A",0.225,0.00620090946672178,"aboveground"
"406",2021,"Blue Chute","9","Water Addition","ERNA","S",5,0.137797988149373,"aboveground"
"407",2021,"Blue Chute","9","Water Addition","GLGO","PF",0.3,0.00826787928896238,"aboveground"
"408",2021,"Blue Chute","9","Water Addition","GUSA","S",1.5,0.0413393964448119,"aboveground"
"409",2021,"Blue Chute","9","Water Addition","HECO","PG3",3.25,0.0895686922970925,"aboveground"
"410",2021,"Blue Chute","9","Water Addition","HELO","A",0.75,0.020669698222406,"aboveground"
"411",2021,"Blue Chute","9","Water Addition","KOAM","PF",0.175,0.00482292958522806,"aboveground"
"412",2021,"Blue Chute","9","Water Addition","POOL","A",0.65,0.0179137384594185,"aboveground"
"413",2021,"Blue Chute","9","Water Addition","SATR","A",0.05,0.00137797988149373,"aboveground"
"414",2021,"Blue Chute","9","Water Addition","UKFO","A",0.085,0.00234256579853934,"aboveground"
"415",2021,"Blue Chute","10","Water Exclusion","CHEN","A",0.75,0.0544464609800363,"aboveground"
"416",2021,"Blue Chute","10","Water Exclusion","CHER","PF",0.1,0.00725952813067151,"aboveground"
"417",2021,"Blue Chute","10","Water Exclusion","ERNA","S",10.75,0.780399274047187,"aboveground"
"418",2021,"Blue Chute","10","Water Exclusion","HELO","A",0.425,0.0308529945553539,"aboveground"
"419",2021,"Blue Chute","10","Water Exclusion","SATR","A",1.75,0.127041742286751,"aboveground"
"420",2021,"Blue Chute","11","Water Addition","BOGR","PG4",13.325,0.233669443226655,"aboveground"
"421",2021,"Blue Chute","11","Water Addition","CHDE","S",4,0.0701446733888645,"aboveground"
"422",2021,"Blue Chute","11","Water Addition","CHEN","A",2.75,0.0482244629548444,"aboveground"
"423",2021,"Blue Chute","11","Water Addition","CHRE","A",3.6,0.0631302060499781,"aboveground"
"424",2021,"Blue Chute","11","Water Addition","CHSES","A",7.625,0.133713283647523,"aboveground"
"425",2021,"Blue Chute","11","Water Addition","ERNA","S",5,0.0876808417360807,"aboveground"
"426",2021,"Blue Chute","11","Water Addition","GUSA","S",4,0.0701446733888645,"aboveground"
"427",2021,"Blue Chute","11","Water Addition","HECO","PG3",13.75,0.241122314774222,"aboveground"
"428",2021,"Blue Chute","11","Water Addition","KOAM","PF",0.625,0.0109601052170101,"aboveground"
"429",2021,"Blue Chute","11","Water Addition","KRLA","S",0.25,0.00438404208680403,"aboveground"
"430",2021,"Blue Chute","11","Water Addition","POOL","A",0.05,0.000876808417360807,"aboveground"
"431",2021,"Blue Chute","11","Water Addition","SATR","A",0.5,0.00876808417360807,"aboveground"
"432",2021,"Blue Chute","11","Water Addition","STTE","PF",1.5,0.0263042525208242,"aboveground"
"433",2021,"Blue Chute","11","Water Addition","UKFO","A",0.05,0.000876808417360807,"aboveground"
"434",2021,"Blue Chute","12","Water Exclusion","ATCA","S",0.5,0.0547645125958379,"aboveground"
"435",2021,"Blue Chute","12","Water Exclusion","BOGR","PG4",0.05,0.00547645125958379,"aboveground"
"436",2021,"Blue Chute","12","Water Exclusion","CHRE","A",0.455,0.0498357064622125,"aboveground"
"437",2021,"Blue Chute","12","Water Exclusion","ERNA","S",2,0.219058050383352,"aboveground"
"438",2021,"Blue Chute","12","Water Exclusion","GUSA","S",5.5,0.602409638554217,"aboveground"
"439",2021,"Blue Chute","12","Water Exclusion","KOAM","PF",0.25,0.0273822562979189,"aboveground"
"440",2021,"Blue Chute","12","Water Exclusion","POOL","A",0.125,0.0136911281489595,"aboveground"
"441",2021,"Blue Chute","12","Water Exclusion","SATR","A",0.25,0.0273822562979189,"aboveground"
"442",2021,"Camp Colton","1","Control","BRPO","PG3",8,0.10629816635663,"aboveground"
"443",2021,"Camp Colton","1","Control","CAGE","PG3",5.8,0.077066170608557,"aboveground"
"444",2021,"Camp Colton","1","Control","CAPA","PF",6.525,0.0866994419346266,"aboveground"
"445",2021,"Camp Colton","1","Control","ELEL","PG3",2.25,0.0298963592878023,"aboveground"
"446",2021,"Camp Colton","1","Control","ERFL","A",0.455,0.00604570821153335,"aboveground"
"447",2021,"Camp Colton","1","Control","ERFO","PF",1.19,0.0158118522455488,"aboveground"
"448",2021,"Camp Colton","1","Control","ERRA","PF",1,0.0132872707945788,"aboveground"
"449",2021,"Camp Colton","1","Control","FEAR","PG3",5,0.066436353972894,"aboveground"
"450",2021,"Camp Colton","1","Control","GETR","PF",7,0.0930108955620516,"aboveground"
"451",2021,"Camp Colton","1","Control","IRMI","PF",5,0.066436353972894,"aboveground"
"452",2021,"Camp Colton","1","Control","MUMO","PG4",13.9,0.184693064044645,"aboveground"
"453",2021,"Camp Colton","1","Control","POHI","PF",3.75,0.0498272654796705,"aboveground"
"454",2021,"Camp Colton","1","Control","POPR","PG3",10.7,0.142173797501993,"aboveground"
"455",2021,"Camp Colton","1","Control","ROWO","S",2.375,0.0315572681371246,"aboveground"
"456",2021,"Camp Colton","1","Control","VETH","A",0.615,0.00817167153866596,"aboveground"
"457",2021,"Camp Colton","1","Control","VIAM","PF",1.7,0.022588360350784,"aboveground"
"458",2021,"Camp Colton","2","Water Exclusion","ACMI","PF",0.225,0.00412087912087912,"aboveground"
"459",2021,"Camp Colton","2","Water Exclusion","ASSP","PF",0.625,0.0114468864468864,"aboveground"
"460",2021,"Camp Colton","2","Water Exclusion","CAGE","PG3",9.475,0.173534798534799,"aboveground"
"461",2021,"Camp Colton","2","Water Exclusion","CAPA","PF",1.55,0.0283882783882784,"aboveground"
"462",2021,"Camp Colton","2","Water Exclusion","ELEL","PG3",1.375,0.0251831501831502,"aboveground"
"463",2021,"Camp Colton","2","Water Exclusion","ERFL","A",0.15,0.00274725274725275,"aboveground"
"464",2021,"Camp Colton","2","Water Exclusion","ERFO","PF",1.8,0.032967032967033,"aboveground"
"465",2021,"Camp Colton","2","Water Exclusion","ERRA","PF",1.75,0.032051282051282,"aboveground"
"466",2021,"Camp Colton","2","Water Exclusion","FEAR","PG3",5,0.0915750915750916,"aboveground"
"467",2021,"Camp Colton","2","Water Exclusion","GETR","PF",22.25,0.407509157509158,"aboveground"
"468",2021,"Camp Colton","2","Water Exclusion","IRMI","PF",4.25,0.0778388278388278,"aboveground"
"469",2021,"Camp Colton","2","Water Exclusion","LUAR","PF",1.5,0.0274725274725275,"aboveground"
"470",2021,"Camp Colton","2","Water Exclusion","MUMO","PG4",0.25,0.00457875457875458,"aboveground"
"471",2021,"Camp Colton","2","Water Exclusion","POHI","PF",1.5,0.0274725274725275,"aboveground"
"472",2021,"Camp Colton","2","Water Exclusion","POPR","PG3",2.45,0.0448717948717949,"aboveground"
"473",2021,"Camp Colton","2","Water Exclusion","TRDU","A",0.25,0.00457875457875458,"aboveground"
"474",2021,"Camp Colton","2","Water Exclusion","VIAM","PF",0.2,0.00366300366300366,"aboveground"
"475",2021,"Camp Colton","3","Control","ACMI","PF",2.325,0.0250471316994344,"aboveground"
"476",2021,"Camp Colton","3","Control","ASSP","PF",0.25,0.00269323996768112,"aboveground"
"477",2021,"Camp Colton","3","Control","BRPO","PG3",1,0.0107729598707245,"aboveground"
"478",2021,"Camp Colton","3","Control","CAGE","PG3",3.625,0.0390519795313762,"aboveground"
"479",2021,"Camp Colton","3","Control","CAPA","PF",0.45,0.00484783194182602,"aboveground"
"480",2021,"Camp Colton","3","Control","CIWH","PF",3.5,0.0377053595475357,"aboveground"
"481",2021,"Camp Colton","3","Control","ELEL","PG3",0.75,0.00807971990304336,"aboveground"
"482",2021,"Camp Colton","3","Control","ERFL","A",0.1,0.00107729598707245,"aboveground"
"483",2021,"Camp Colton","3","Control","ERFO","PF",0.5,0.00538647993536224,"aboveground"
"484",2021,"Camp Colton","3","Control","FEAR","PG3",27,0.290869916509561,"aboveground"
"485",2021,"Camp Colton","3","Control","GETR","PF",33.5,0.36089415566927,"aboveground"
"486",2021,"Camp Colton","3","Control","HYHO","PF",13,0.140048478319418,"aboveground"
"487",2021,"Camp Colton","3","Control","IRMI","PF",1.625,0.0175060597899273,"aboveground"
"488",2021,"Camp Colton","3","Control","MUMO","PG4",3.75,0.0403985995152168,"aboveground"
"489",2021,"Camp Colton","3","Control","POHI","PF",0.05,0.000538647993536224,"aboveground"
"490",2021,"Camp Colton","3","Control","POPR","PG3",1.15,0.0123889038513332,"aboveground"
"491",2021,"Camp Colton","3","Control","TAOF","PF",0.125,0.00134661998384056,"aboveground"
"492",2021,"Camp Colton","3","Control","VETH","A",0.025,0.000269323996768112,"aboveground"
"493",2021,"Camp Colton","3","Control","VIAM","PF",0.1,0.00107729598707245,"aboveground"
"494",2021,"Camp Colton","4","Water Addition","BRPO","PG3",0.8,0.00866035182679296,"aboveground"
"495",2021,"Camp Colton","4","Water Addition","CAGE","PG3",0.525,0.00568335588633288,"aboveground"
"496",2021,"Camp Colton","4","Water Addition","CAPA","PF",1.225,0.0132611637347767,"aboveground"
"497",2021,"Camp Colton","4","Water Addition","ELEL","PG3",0.5,0.0054127198917456,"aboveground"
"498",2021,"Camp Colton","4","Water Addition","ERFL","A",0.3,0.00324763193504736,"aboveground"
"499",2021,"Camp Colton","4","Water Addition","ERFO","PF",0.55,0.00595399188092016,"aboveground"
"500",2021,"Camp Colton","4","Water Addition","ERRA","PF",2.875,0.0311231393775372,"aboveground"
"501",2021,"Camp Colton","4","Water Addition","FEAR","PG3",25.5,0.276048714479026,"aboveground"
"502",2021,"Camp Colton","4","Water Addition","GETR","PF",13.5,0.146143437077131,"aboveground"
"503",2021,"Camp Colton","4","Water Addition","HYHO","PF",6,0.0649526387009472,"aboveground"
"504",2021,"Camp Colton","4","Water Addition","IRMI","PF",4.25,0.0460081190798376,"aboveground"
"505",2021,"Camp Colton","4","Water Addition","MUMO","PG4",13.75,0.148849797023004,"aboveground"
"506",2021,"Camp Colton","4","Water Addition","POHI","PF",5,0.054127198917456,"aboveground"
"507",2021,"Camp Colton","4","Water Addition","POPR","PG3",3.55,0.0384303112313938,"aboveground"
"508",2021,"Camp Colton","4","Water Addition","PTAQ","PF",4,0.0433017591339648,"aboveground"
"509",2021,"Camp Colton","4","Water Addition","TAOF","PF",2,0.0216508795669824,"aboveground"
"510",2021,"Camp Colton","4","Water Addition","VETH","A",7.55,0.0817320703653586,"aboveground"
"511",2021,"Camp Colton","4","Water Addition","VIAM","PF",0.5,0.0054127198917456,"aboveground"
"512",2021,"Camp Colton","5","Water Exclusion","ACMI","PF",0.275,0.00455109640049648,"aboveground"
"513",2021,"Camp Colton","5","Water Exclusion","ASSP","PF",3,0.0496483243690525,"aboveground"
"514",2021,"Camp Colton","5","Water Exclusion","CAGE","PG3",9.775,0.16177079023583,"aboveground"
"515",2021,"Camp Colton","5","Water Exclusion","ELEL","PG3",2.875,0.0475796441870087,"aboveground"
"516",2021,"Camp Colton","5","Water Exclusion","FEAR","PG3",1.35,0.0223417459660736,"aboveground"
"517",2021,"Camp Colton","5","Water Exclusion","GETR","PF",25.5,0.422010757136947,"aboveground"
"518",2021,"Camp Colton","5","Water Exclusion","HYHO","PF",2,0.0330988829127017,"aboveground"
"519",2021,"Camp Colton","5","Water Exclusion","IRMI","PF",7.875,0.130326851468763,"aboveground"
"520",2021,"Camp Colton","5","Water Exclusion","MUMO","PG4",0.1,0.00165494414563508,"aboveground"
"521",2021,"Camp Colton","5","Water Exclusion","POHI","PF",6,0.0992966487381051,"aboveground"
"522",2021,"Camp Colton","5","Water Exclusion","POPR","PG3",0.925,0.0153082333471245,"aboveground"
"523",2021,"Camp Colton","5","Water Exclusion","VIAM","PF",0.75,0.0124120810922631,"aboveground"
"524",2021,"Camp Colton","6","Water Addition","ACMI","PF",0.65,0.00896366269047783,"aboveground"
"525",2021,"Camp Colton","6","Water Addition","ASSP","PF",3.05,0.0420602633937806,"aboveground"
"526",2021,"Camp Colton","6","Water Addition","BRPO","PG3",2.6,0.0358546507619113,"aboveground"
"527",2021,"Camp Colton","6","Water Addition","CAPA","PF",0.225,0.00310280631593463,"aboveground"
"528",2021,"Camp Colton","6","Water Addition","ELEL","PG3",1,0.0137902502930428,"aboveground"
"529",2021,"Camp Colton","6","Water Addition","ERFL","A",0.015,0.000206853754395642,"aboveground"
"530",2021,"Camp Colton","6","Water Addition","ERFO","PF",1.075,0.014824519065021,"aboveground"
"531",2021,"Camp Colton","6","Water Addition","FEAR","PG3",28.25,0.38957457077846,"aboveground"
"532",2021,"Camp Colton","6","Water Addition","GETR","PF",24.5,0.337861132179549,"aboveground"
"533",2021,"Camp Colton","6","Water Addition","HYHO","PF",1.5,0.0206853754395642,"aboveground"
"534",2021,"Camp Colton","6","Water Addition","IRMI","PF",0.5,0.00689512514652141,"aboveground"
"535",2021,"Camp Colton","6","Water Addition","MUMO","PG4",4.525,0.0624008825760188,"aboveground"
"536",2021,"Camp Colton","6","Water Addition","POHI","PF",0.5,0.00689512514652141,"aboveground"
"537",2021,"Camp Colton","6","Water Addition","POPR","PG3",3.725,0.0513686823415845,"aboveground"
"538",2021,"Camp Colton","6","Water Addition","VIAM","PF",0.4,0.00551610011721713,"aboveground"
"539",2021,"Camp Colton","7","Control","BRPO","PG3",1.25,0.0194069243906226,"aboveground"
"540",2021,"Camp Colton","7","Control","CAPA","PF",0.05,0.000776276975624903,"aboveground"
"541",2021,"Camp Colton","7","Control","ELEL","PG3",17.75,0.275578326346841,"aboveground"
"542",2021,"Camp Colton","7","Control","ERRA","PF",1.75,0.0271696941468716,"aboveground"
"543",2021,"Camp Colton","7","Control","FEAR","PG3",9.375,0.145551932929669,"aboveground"
"544",2021,"Camp Colton","7","Control","GETR","PF",14.25,0.221238938053097,"aboveground"
"545",2021,"Camp Colton","7","Control","IRMI","PF",2,0.0310510790249961,"aboveground"
"546",2021,"Camp Colton","7","Control","MUMO","PG4",9.5,0.147492625368732,"aboveground"
"547",2021,"Camp Colton","7","Control","POHI","PF",1.5,0.0232883092687471,"aboveground"
"548",2021,"Camp Colton","7","Control","POPR","PG3",4.15,0.064430988976867,"aboveground"
"549",2021,"Camp Colton","7","Control","VETH","A",0.585,0.00908244061481137,"aboveground"
"550",2021,"Camp Colton","7","Control","VIAM","PF",2.25,0.0349324639031206,"aboveground"
"551",2021,"Camp Colton","8","Water Exclusion","CAGE","PG3",10.95,0.18606627017842,"aboveground"
"552",2021,"Camp Colton","8","Water Exclusion","ELEL","PG3",7.875,0.133814783347494,"aboveground"
"553",2021,"Camp Colton","8","Water Exclusion","ERFL","A",7.875,0.133814783347494,"aboveground"
"554",2021,"Camp Colton","8","Water Exclusion","ERFO","PF",1.25,0.0212404418011895,"aboveground"
"555",2021,"Camp Colton","8","Water Exclusion","FEAR","PG3",7.25,0.123194562446899,"aboveground"
"556",2021,"Camp Colton","8","Water Exclusion","GETR","PF",0.5,0.00849617672047579,"aboveground"
"557",2021,"Camp Colton","8","Water Exclusion","MUMO","PG4",0.75,0.0127442650807137,"aboveground"
"558",2021,"Camp Colton","8","Water Exclusion","POHI","PF",10.25,0.174171622769754,"aboveground"
"559",2021,"Camp Colton","8","Water Exclusion","POPR","PG3",2.725,0.046304163126593,"aboveground"
"560",2021,"Camp Colton","8","Water Exclusion","TAOF","PF",0.25,0.00424808836023789,"aboveground"
"561",2021,"Camp Colton","8","Water Exclusion","TRDU","A",5.875,0.0998300764655905,"aboveground"
"562",2021,"Camp Colton","8","Water Exclusion","VETH","A",0.175,0.00297366185216653,"aboveground"
"563",2021,"Camp Colton","8","Water Exclusion","VIAM","PF",3.125,0.0531011045029737,"aboveground"
"564",2021,"Camp Colton","9","Water Addition","BRPO","PG3",2.875,0.029585798816568,"aboveground"
"565",2021,"Camp Colton","9","Water Addition","CAGE","PG3",1.1,0.0113197838950347,"aboveground"
"566",2021,"Camp Colton","9","Water Addition","ELEL","PG3",3.425,0.0352456907640854,"aboveground"
"567",2021,"Camp Colton","9","Water Addition","ERFL","A",0.2,0.00205814252636995,"aboveground"
"568",2021,"Camp Colton","9","Water Addition","FEAR","PG3",23.5,0.241831746848469,"aboveground"
"569",2021,"Camp Colton","9","Water Addition","GETR","PF",7.5,0.0771803447388732,"aboveground"
"570",2021,"Camp Colton","9","Water Addition","HYHO","PF",27,0.277849241059943,"aboveground"
"571",2021,"Camp Colton","9","Water Addition","IRMI","PF",9.75,0.100334448160535,"aboveground"
"572",2021,"Camp Colton","9","Water Addition","MUMO","PG4",6.375,0.0656032930280422,"aboveground"
"573",2021,"Camp Colton","9","Water Addition","POHI","PF",10.5,0.108052482634422,"aboveground"
"574",2021,"Camp Colton","9","Water Addition","POPR","PG3",1.45,0.0149215333161821,"aboveground"
"575",2021,"Camp Colton","9","Water Addition","VETH","A",1.5,0.0154360689477746,"aboveground"
"576",2021,"Camp Colton","9","Water Addition","VIAM","PF",2,0.0205814252636995,"aboveground"
"577",2021,"Camp Colton","10","Water Exclusion","ACMI","PF",3.65,0.0499486828600753,"aboveground"
"578",2021,"Camp Colton","10","Water Exclusion","ASSP","PF",2,0.0273691412931919,"aboveground"
"579",2021,"Camp Colton","10","Water Exclusion","CAGE","PG3",1.15,0.0157372562435854,"aboveground"
"580",2021,"Camp Colton","10","Water Exclusion","ELEL","PG3",4.15,0.0567909681833733,"aboveground"
"581",2021,"Camp Colton","10","Water Exclusion","FEAR","PG3",11.25,0.153951419774205,"aboveground"
"582",2021,"Camp Colton","10","Water Exclusion","GETR","PF",31.5,0.431063975367773,"aboveground"
"583",2021,"Camp Colton","10","Water Exclusion","HYHO","PF",6,0.0821074238795758,"aboveground"
"584",2021,"Camp Colton","10","Water Exclusion","IRMI","PF",3,0.0410537119397879,"aboveground"
"585",2021,"Camp Colton","10","Water Exclusion","MUMO","PG4",0.675,0.00923708518645227,"aboveground"
"586",2021,"Camp Colton","10","Water Exclusion","POHI","PF",8,0.109476565172768,"aboveground"
"587",2021,"Camp Colton","10","Water Exclusion","POPR","PG3",0.075,0.0010263427984947,"aboveground"
"588",2021,"Camp Colton","10","Water Exclusion","TRDU","A",1.5,0.0205268559698939,"aboveground"
"589",2021,"Camp Colton","10","Water Exclusion","VIAM","PF",0.125,0.0017105713308245,"aboveground"
"590",2021,"Camp Colton","11","Water Addition","ACMI","PF",0.35,0.00300364728599013,"aboveground"
"591",2021,"Camp Colton","11","Water Addition","ANRO","PF",0.125,0.0010727311735679,"aboveground"
"592",2021,"Camp Colton","11","Water Addition","BRPO","PG3",8.85,0.0759493670886076,"aboveground"
"593",2021,"Camp Colton","11","Water Addition","CAGE","PG3",1.075,0.00922548809268397,"aboveground"
"594",2021,"Camp Colton","11","Water Addition","ELEL","PG3",3.25,0.0278910105127655,"aboveground"
"595",2021,"Camp Colton","11","Water Addition","FEAR","PG3",42.5,0.364728599013087,"aboveground"
"596",2021,"Camp Colton","11","Water Addition","GETR","PF",30.5,0.261746406350569,"aboveground"
"597",2021,"Camp Colton","11","Water Addition","HYHO","PF",10,0.0858184938854323,"aboveground"
"598",2021,"Camp Colton","11","Water Addition","IRMI","PF",6.75,0.0579274833726668,"aboveground"
"599",2021,"Camp Colton","11","Water Addition","MUMO","PG4",3.65,0.0313237502681828,"aboveground"
"600",2021,"Camp Colton","11","Water Addition","POHI","PF",6,0.0514910963312594,"aboveground"
"601",2021,"Camp Colton","11","Water Addition","POPR","PG3",1.725,0.0148036901952371,"aboveground"
"602",2021,"Camp Colton","11","Water Addition","TRDU","A",0.25,0.00214546234713581,"aboveground"
"603",2021,"Camp Colton","11","Water Addition","VIAM","PF",1.5,0.0128727740828148,"aboveground"
"604",2021,"Camp Colton","12","Control","CAGE","PG3",2.05,0.0202069985214391,"aboveground"
"605",2021,"Camp Colton","12","Control","ELEL","PG3",3,0.0295712173484475,"aboveground"
"606",2021,"Camp Colton","12","Control","ERFO","PF",1.275,0.0125677673730902,"aboveground"
"607",2021,"Camp Colton","12","Control","FEAR","PG3",14.875,0.146623952686052,"aboveground"
"608",2021,"Camp Colton","12","Control","GETR","PF",31.5,0.310497782158699,"aboveground"
"609",2021,"Camp Colton","12","Control","HYHO","PF",21,0.206998521439133,"aboveground"
"610",2021,"Camp Colton","12","Control","IRMI","PF",1.125,0.0110892065056678,"aboveground"
"611",2021,"Camp Colton","12","Control","MUMO","PG4",3.775,0.0372104484967965,"aboveground"
"612",2021,"Camp Colton","12","Control","POHI","PF",17.5,0.172498767865944,"aboveground"
"613",2021,"Camp Colton","12","Control","POPR","PG3",1.35,0.0133070478068014,"aboveground"
"614",2021,"Camp Colton","12","Control","VIAM","PF",4,0.03942828979793,"aboveground"
