"","Site","Plot","Treatment","Year","type","POOL","TAOF","VETH","BOER","CHSE","PLJA","SATR","BASC","GUSA","ERSP","SPHA","ACMI","MEMO","PEVI","CAJA","ERFL","DAPU","BOGR","ELEL","MEAL","LUKI","CHER","AMDI","ANRO","BRPO","MUMO","POPR","POHI","ARFE","HYHO","IRMI","OXLA","ARCA","ASHU","CHAL","BLTR","CHSES","KOAM","CHEN","LILE","UKFO","ATCO","EPVI","SPAI","KRLA","CHRE","ERNA","HECO","JUMO","HELO","ZIGR","ARPU","BOGR ","SOEL","GLGO","CHDE","STTE","ATCA","CAGE","CAPA","ERFO","ERRA","FEAR","GETR","ROWO","VIAM","ASSP","LUAR","TRDU","CIWH","PTAQ","COAR","LASE","PLRI","PSMO","UKGR","ALGE","EPBR","MURI","PODO","MESP"
"1","Blank","3","Blank",2021,"seedbank",NA,NA,NA,NA,NA,NA,NA,NA,NA,NA,NA,NA,NA,NA,NA,NA,NA,NA,NA,NA,NA,NA,NA,NA,NA,NA,NA,NA,NA,NA,NA,NA,NA,NA,NA,NA,NA,NA,NA,NA,NA,NA,NA,NA,NA,NA,NA,NA,NA,NA,NA,NA,NA,NA,NA,NA,NA,NA,NA,NA,NA,NA,NA,NA,NA,NA,NA,NA,NA,NA,NA,NA,NA,NA,NA,NA,NA,NA,NA,NA,NA
"2","Blank","6","Blank",2021,"seedbank",NA,NA,NA,NA,NA,NA,NA,NA,NA,NA,NA,NA,NA,NA,NA,NA,NA,NA,NA,NA,NA,NA,NA,NA,NA,NA,NA,NA,NA,NA,NA,NA,NA,NA,NA,NA,NA,NA,NA,NA,NA,NA,NA,NA,NA,NA,NA,NA,NA,NA,NA,NA,NA,NA,NA,NA,NA,NA,NA,NA,NA,NA,NA,NA,NA,NA,NA,NA,NA,NA,NA,NA,NA,NA,NA,NA,NA,NA,NA,NA,NA
"3","Blank","10","Blank",2021,"seedbank",NA,NA,NA,NA,NA,NA,NA,NA,NA,NA,NA,NA,NA,NA,NA,NA,NA,NA,NA,NA,NA,NA,NA,NA,NA,NA,NA,NA,NA,NA,NA,NA,NA,NA,NA,NA,NA,NA,NA,NA,NA,NA,NA,NA,NA,NA,NA,NA,NA,NA,NA,NA,NA,NA,NA,NA,NA,NA,NA,NA,NA,NA,NA,NA,NA,NA,NA,NA,NA,NA,NA,NA,NA,NA,NA,NA,NA,NA,NA,NA,NA
"4","Blank","11","Blank",2021,"seedbank",NA,NA,NA,NA,NA,NA,NA,NA,NA,NA,NA,NA,NA,NA,NA,NA,NA,NA,NA,NA,NA,NA,NA,NA,NA,NA,NA,NA,NA,NA,NA,NA,NA,NA,NA,NA,NA,NA,NA,NA,NA,NA,NA,NA,NA,NA,NA,NA,NA,NA,NA,NA,NA,NA,NA,NA,NA,NA,NA,NA,NA,NA,NA,NA,NA,NA,NA,NA,NA,NA,NA,NA,NA,NA,NA,NA,NA,NA,NA,NA,NA
"5","Desert grassland","1","Water Addition",2021,"seedbank",NA,NA,NA,0.0555555555555556,0.0555555555555556,0.0555555555555556,0.833333333333333,NA,NA,NA,NA,NA,NA,NA,NA,NA,NA,NA,NA,NA,NA,NA,NA,NA,NA,NA,NA,NA,NA,NA,NA,NA,NA,NA,NA,NA,NA,NA,NA,NA,NA,NA,NA,NA,NA,NA,NA,NA,NA,NA,NA,NA,NA,NA,NA,NA,NA,NA,NA,NA,NA,NA,NA,NA,NA,NA,NA,NA,NA,NA,NA,NA,NA,NA,NA,NA,NA,NA,NA,NA,NA
"6","Desert grassland","2","Water Addition",2021,"seedbank",NA,NA,NA,0.027027027027027,NA,NA,0.864864864864865,0.027027027027027,0.0810810810810811,NA,NA,NA,NA,NA,NA,NA,NA,NA,NA,NA,NA,NA,NA,NA,NA,NA,NA,NA,NA,NA,NA,NA,NA,NA,NA,NA,NA,NA,NA,NA,NA,NA,NA,NA,NA,NA,NA,NA,NA,NA,NA,NA,NA,NA,NA,NA,NA,NA,NA,NA,NA,NA,NA,NA,NA,NA,NA,NA,NA,NA,NA,NA,NA,NA,NA,NA,NA,NA,NA,NA,NA
"7","Desert grassland","3","Control",2021,"seedbank",NA,NA,NA,NA,0.0161290322580645,NA,0.951612903225806,NA,NA,0.0161290322580645,0.0161290322580645,NA,NA,NA,NA,NA,NA,NA,NA,NA,NA,NA,NA,NA,NA,NA,NA,NA,NA,NA,NA,NA,NA,NA,NA,NA,NA,NA,NA,NA,NA,NA,NA,NA,NA,NA,NA,NA,NA,NA,NA,NA,NA,NA,NA,NA,NA,NA,NA,NA,NA,NA,NA,NA,NA,NA,NA,NA,NA,NA,NA,NA,NA,NA,NA,NA,NA,NA,NA,NA,NA
"8","Desert grassland","4","Water Exclusion",2021,"seedbank",NA,0.0212765957446809,NA,NA,NA,NA,0.787234042553192,NA,NA,0.0851063829787234,NA,0.0851063829787234,0.0212765957446809,NA,NA,NA,NA,NA,NA,NA,NA,NA,NA,NA,NA,NA,NA,NA,NA,NA,NA,NA,NA,NA,NA,NA,NA,NA,NA,NA,NA,NA,NA,NA,NA,NA,NA,NA,NA,NA,NA,NA,NA,NA,NA,NA,NA,NA,NA,NA,NA,NA,NA,NA,NA,NA,NA,NA,NA,NA,NA,NA,NA,NA,NA,NA,NA,NA,NA,NA,NA
"9","Desert grassland","5","Water Addition",2021,"seedbank",NA,NA,NA,0.161290322580645,NA,0.0645161290322581,0.387096774193548,NA,NA,0.387096774193548,NA,NA,NA,NA,NA,NA,NA,NA,NA,NA,NA,NA,NA,NA,NA,NA,NA,NA,NA,NA,NA,NA,NA,NA,NA,NA,NA,NA,NA,NA,NA,NA,NA,NA,NA,NA,NA,NA,NA,NA,NA,NA,NA,NA,NA,NA,NA,NA,NA,NA,NA,NA,NA,NA,NA,NA,NA,NA,NA,NA,NA,NA,NA,NA,NA,NA,NA,NA,NA,NA,NA
"10","Desert grassland","6","Water Exclusion",2021,"seedbank",NA,NA,NA,NA,0.0588235294117647,NA,0.823529411764706,NA,0.117647058823529,NA,NA,NA,NA,NA,NA,NA,NA,NA,NA,NA,NA,NA,NA,NA,NA,NA,NA,NA,NA,NA,NA,NA,NA,NA,NA,NA,NA,NA,NA,NA,NA,NA,NA,NA,NA,NA,NA,NA,NA,NA,NA,NA,NA,NA,NA,NA,NA,NA,NA,NA,NA,NA,NA,NA,NA,NA,NA,NA,NA,NA,NA,NA,NA,NA,NA,NA,NA,NA,NA,NA,NA
"11","Desert grassland","7","Control",2021,"seedbank",NA,NA,NA,NA,NA,NA,0.946428571428571,NA,NA,0.0357142857142857,0.0178571428571429,NA,NA,NA,NA,NA,NA,NA,NA,NA,NA,NA,NA,NA,NA,NA,NA,NA,NA,NA,NA,NA,NA,NA,NA,NA,NA,NA,NA,NA,NA,NA,NA,NA,NA,NA,NA,NA,NA,NA,NA,NA,NA,NA,NA,NA,NA,NA,NA,NA,NA,NA,NA,NA,NA,NA,NA,NA,NA,NA,NA,NA,NA,NA,NA,NA,NA,NA,NA,NA,NA
"12","Desert grassland","8","Control",2021,"seedbank",NA,NA,NA,0.125,NA,NA,0.75,0.125,NA,NA,NA,NA,NA,NA,NA,NA,NA,NA,NA,NA,NA,NA,NA,NA,NA,NA,NA,NA,NA,NA,NA,NA,NA,NA,NA,NA,NA,NA,NA,NA,NA,NA,NA,NA,NA,NA,NA,NA,NA,NA,NA,NA,NA,NA,NA,NA,NA,NA,NA,NA,NA,NA,NA,NA,NA,NA,NA,NA,NA,NA,NA,NA,NA,NA,NA,NA,NA,NA,NA,NA,NA
"13","Desert grassland","9","Water Exclusion",2021,"seedbank",NA,NA,NA,NA,NA,NA,1,NA,NA,NA,NA,NA,NA,NA,NA,NA,NA,NA,NA,NA,NA,NA,NA,NA,NA,NA,NA,NA,NA,NA,NA,NA,NA,NA,NA,NA,NA,NA,NA,NA,NA,NA,NA,NA,NA,NA,NA,NA,NA,NA,NA,NA,NA,NA,NA,NA,NA,NA,NA,NA,NA,NA,NA,NA,NA,NA,NA,NA,NA,NA,NA,NA,NA,NA,NA,NA,NA,NA,NA,NA,NA
"14","Desert grassland","10","Control",2021,"seedbank",NA,NA,NA,NA,NA,NA,0.944444444444444,0.0555555555555556,NA,NA,NA,NA,NA,NA,NA,NA,NA,NA,NA,NA,NA,NA,NA,NA,NA,NA,NA,NA,NA,NA,NA,NA,NA,NA,NA,NA,NA,NA,NA,NA,NA,NA,NA,NA,NA,NA,NA,NA,NA,NA,NA,NA,NA,NA,NA,NA,NA,NA,NA,NA,NA,NA,NA,NA,NA,NA,NA,NA,NA,NA,NA,NA,NA,NA,NA,NA,NA,NA,NA,NA,NA
"15","Desert grassland","11","Water Addition",2021,"seedbank",NA,0,NA,0.0833333333333333,NA,NA,0.722222222222222,0.0277777777777778,NA,0.0555555555555556,0.0277777777777778,NA,0.0277777777777778,0.0555555555555556,NA,NA,NA,NA,NA,NA,NA,NA,NA,NA,NA,NA,NA,NA,NA,NA,NA,NA,NA,NA,NA,NA,NA,NA,NA,NA,NA,NA,NA,NA,NA,NA,NA,NA,NA,NA,NA,NA,NA,NA,NA,NA,NA,NA,NA,NA,NA,NA,NA,NA,NA,NA,NA,NA,NA,NA,NA,NA,NA,NA,NA,NA,NA,NA,NA,NA,NA
"16","Desert grassland","12","Water Exclusion",2021,"seedbank",NA,NA,NA,NA,NA,0.0185185185185185,0.962962962962963,NA,0.0185185185185185,NA,NA,NA,NA,NA,NA,NA,NA,NA,NA,NA,NA,NA,NA,NA,NA,NA,NA,NA,NA,NA,NA,NA,NA,NA,NA,NA,NA,NA,NA,NA,NA,NA,NA,NA,NA,NA,NA,NA,NA,NA,NA,NA,NA,NA,NA,NA,NA,NA,NA,NA,NA,NA,NA,NA,NA,NA,NA,NA,NA,NA,NA,NA,NA,NA,NA,NA,NA,NA,NA,NA,NA
"17","Desert scrub","1","Water Exclusion",2021,"seedbank",NA,NA,NA,NA,NA,NA,NA,NA,NA,NA,NA,NA,NA,NA,NA,NA,NA,NA,NA,NA,NA,NA,NA,NA,NA,NA,NA,NA,NA,NA,NA,NA,NA,NA,NA,NA,NA,NA,NA,NA,NA,NA,NA,NA,NA,NA,NA,NA,NA,NA,NA,NA,NA,NA,NA,NA,NA,NA,NA,NA,NA,NA,NA,NA,NA,NA,NA,NA,NA,NA,NA,NA,NA,NA,NA,NA,NA,NA,NA,NA,NA
"18","Desert scrub","2","Water Exclusion",2021,"seedbank",NA,NA,0,NA,NA,NA,1,NA,NA,NA,NA,NA,NA,NA,NA,NA,NA,NA,NA,NA,NA,NA,NA,NA,NA,NA,NA,NA,NA,NA,NA,NA,NA,NA,NA,NA,NA,NA,NA,NA,NA,NA,NA,NA,NA,NA,NA,NA,NA,NA,NA,NA,NA,NA,NA,NA,NA,NA,NA,NA,NA,NA,NA,NA,NA,NA,NA,NA,NA,NA,NA,NA,NA,NA,NA,NA,NA,NA,NA,NA,NA
"19","Desert scrub","3","Control",2021,"seedbank",NA,NA,NA,NA,NA,0.5,0.5,NA,NA,NA,NA,NA,NA,NA,NA,NA,NA,NA,NA,NA,NA,NA,NA,NA,NA,NA,NA,NA,NA,NA,NA,NA,NA,NA,NA,NA,NA,NA,NA,NA,NA,NA,NA,NA,NA,NA,NA,NA,NA,NA,NA,NA,NA,NA,NA,NA,NA,NA,NA,NA,NA,NA,NA,NA,NA,NA,NA,NA,NA,NA,NA,NA,NA,NA,NA,NA,NA,NA,NA,NA,NA
"20","Desert scrub","4","Water Exclusion",2021,"seedbank",NA,NA,NA,0.230769230769231,NA,0.0769230769230769,0.153846153846154,NA,NA,NA,0.538461538461538,NA,NA,NA,NA,NA,NA,NA,NA,NA,NA,NA,NA,NA,NA,NA,NA,NA,NA,NA,NA,NA,NA,NA,NA,NA,NA,NA,NA,NA,NA,NA,NA,NA,NA,NA,NA,NA,NA,NA,NA,NA,NA,NA,NA,NA,NA,NA,NA,NA,NA,NA,NA,NA,NA,NA,NA,NA,NA,NA,NA,NA,NA,NA,NA,NA,NA,NA,NA,NA,NA
"21","Desert scrub","5","Control",2021,"seedbank",NA,NA,NA,0.25,NA,0.5,0,NA,NA,NA,NA,NA,NA,NA,0.25,NA,NA,NA,NA,NA,NA,NA,NA,NA,NA,NA,NA,NA,NA,NA,NA,NA,NA,NA,NA,NA,NA,NA,NA,NA,NA,NA,NA,NA,NA,NA,NA,NA,NA,NA,NA,NA,NA,NA,NA,NA,NA,NA,NA,NA,NA,NA,NA,NA,NA,NA,NA,NA,NA,NA,NA,NA,NA,NA,NA,NA,NA,NA,NA,NA,NA
"22","Desert scrub","6","Control",2021,"seedbank",NA,NA,NA,NA,NA,NA,1,NA,NA,NA,NA,NA,NA,NA,NA,NA,NA,NA,NA,NA,NA,NA,NA,NA,NA,NA,NA,NA,NA,NA,NA,NA,NA,NA,NA,NA,NA,NA,NA,NA,NA,NA,NA,NA,NA,NA,NA,NA,NA,NA,NA,NA,NA,NA,NA,NA,NA,NA,NA,NA,NA,NA,NA,NA,NA,NA,NA,NA,NA,NA,NA,NA,NA,NA,NA,NA,NA,NA,NA,NA,NA
"23","Desert scrub","7","Water Exclusion",2021,"seedbank",NA,NA,NA,NA,NA,0.466666666666667,0.466666666666667,NA,NA,NA,NA,NA,NA,NA,NA,0.0666666666666667,NA,NA,NA,NA,NA,NA,NA,NA,NA,NA,NA,NA,NA,NA,NA,NA,NA,NA,NA,NA,NA,NA,NA,NA,NA,NA,NA,NA,NA,NA,NA,NA,NA,NA,NA,NA,NA,NA,NA,NA,NA,NA,NA,NA,NA,NA,NA,NA,NA,NA,NA,NA,NA,NA,NA,NA,NA,NA,NA,NA,NA,NA,NA,NA,NA
"24","Desert scrub","8","Control",2021,"seedbank",NA,NA,NA,NA,NA,NA,0.733333333333333,NA,NA,0.133333333333333,0.0666666666666667,NA,NA,NA,NA,NA,0.0666666666666667,NA,NA,NA,NA,NA,NA,NA,NA,NA,NA,NA,NA,NA,NA,NA,NA,NA,NA,NA,NA,NA,NA,NA,NA,NA,NA,NA,NA,NA,NA,NA,NA,NA,NA,NA,NA,NA,NA,NA,NA,NA,NA,NA,NA,NA,NA,NA,NA,NA,NA,NA,NA,NA,NA,NA,NA,NA,NA,NA,NA,NA,NA,NA,NA
"25","Desert scrub","9","Water Addition",2021,"seedbank",NA,NA,NA,0.0434782608695652,0.0434782608695652,0.0434782608695652,0.869565217391304,NA,NA,NA,NA,NA,NA,NA,NA,NA,NA,NA,NA,NA,NA,NA,NA,NA,NA,NA,NA,NA,NA,NA,NA,NA,NA,NA,NA,NA,NA,NA,NA,NA,NA,NA,NA,NA,NA,NA,NA,NA,NA,NA,NA,NA,NA,NA,NA,NA,NA,NA,NA,NA,NA,NA,NA,NA,NA,NA,NA,NA,NA,NA,NA,NA,NA,NA,NA,NA,NA,NA,NA,NA,NA
"26","Desert scrub","10","Water Addition",2021,"seedbank",NA,0,NA,0.0625,NA,0.125,0.625,0.125,NA,0.0625,NA,NA,NA,NA,NA,NA,NA,NA,NA,NA,NA,NA,NA,NA,NA,NA,NA,NA,NA,NA,NA,NA,NA,NA,NA,NA,NA,NA,NA,NA,NA,NA,NA,NA,NA,NA,NA,NA,NA,NA,NA,NA,NA,NA,NA,NA,NA,NA,NA,NA,NA,NA,NA,NA,NA,NA,NA,NA,NA,NA,NA,NA,NA,NA,NA,NA,NA,NA,NA,NA,NA
"27","Desert scrub","11","Water Addition",2021,"seedbank",NA,NA,NA,NA,NA,0.8,0,NA,NA,NA,NA,NA,NA,NA,NA,0.2,NA,NA,NA,NA,NA,NA,NA,NA,NA,NA,NA,NA,NA,NA,NA,NA,NA,NA,NA,NA,NA,NA,NA,NA,NA,NA,NA,NA,NA,NA,NA,NA,NA,NA,NA,NA,NA,NA,NA,NA,NA,NA,NA,NA,NA,NA,NA,NA,NA,NA,NA,NA,NA,NA,NA,NA,NA,NA,NA,NA,NA,NA,NA,NA,NA
"28","Desert scrub","12","Water Addition",2021,"seedbank",NA,NA,NA,NA,NA,NA,0.75,NA,NA,NA,NA,NA,NA,NA,NA,0.25,NA,NA,NA,NA,NA,NA,NA,NA,NA,NA,NA,NA,NA,NA,NA,NA,NA,NA,NA,NA,NA,NA,NA,NA,NA,NA,NA,NA,NA,NA,NA,NA,NA,NA,NA,NA,NA,NA,NA,NA,NA,NA,NA,NA,NA,NA,NA,NA,NA,NA,NA,NA,NA,NA,NA,NA,NA,NA,NA,NA,NA,NA,NA,NA,NA
"29","Juniper savanna","1","Water Addition",2021,"seedbank",NA,NA,NA,NA,NA,NA,NA,0.7,NA,NA,NA,NA,NA,NA,NA,NA,NA,0.3,NA,NA,NA,NA,NA,NA,NA,NA,NA,NA,NA,NA,NA,NA,NA,NA,NA,NA,NA,NA,NA,NA,NA,NA,NA,NA,NA,NA,NA,NA,NA,NA,NA,NA,NA,NA,NA,NA,NA,NA,NA,NA,NA,NA,NA,NA,NA,NA,NA,NA,NA,NA,NA,NA,NA,NA,NA,NA,NA,NA,NA,NA,NA
"30","Juniper savanna","2","Control",2021,"seedbank",NA,NA,NA,NA,NA,NA,0.277777777777778,0.0555555555555556,NA,0.111111111111111,NA,NA,NA,NA,0.0555555555555556,NA,NA,0.333333333333333,0.111111111111111,0.0555555555555556,NA,NA,NA,NA,NA,NA,NA,NA,NA,NA,NA,NA,NA,NA,NA,NA,NA,NA,NA,NA,NA,NA,NA,NA,NA,NA,NA,NA,NA,NA,NA,NA,NA,NA,NA,NA,NA,NA,NA,NA,NA,NA,NA,NA,NA,NA,NA,NA,NA,NA,NA,NA,NA,NA,NA,NA,NA,NA,NA,NA,NA
"31","Juniper savanna","3","Control",2021,"seedbank",NA,0,NA,NA,NA,NA,NA,0.428571428571429,NA,NA,NA,NA,NA,NA,NA,NA,NA,0.571428571428571,NA,NA,NA,NA,NA,NA,NA,NA,NA,NA,NA,NA,NA,NA,NA,NA,NA,NA,NA,NA,NA,NA,NA,NA,NA,NA,NA,NA,NA,NA,NA,NA,NA,NA,NA,NA,NA,NA,NA,NA,NA,NA,NA,NA,NA,NA,NA,NA,NA,NA,NA,NA,NA,NA,NA,NA,NA,NA,NA,NA,NA,NA,NA
"32","Juniper savanna","4","Water Exclusion",2021,"seedbank",NA,NA,NA,NA,NA,NA,NA,0.25,NA,NA,NA,NA,NA,NA,NA,NA,NA,0.25,0.5,NA,NA,NA,NA,NA,NA,NA,NA,NA,NA,NA,NA,NA,NA,NA,NA,NA,NA,NA,NA,NA,NA,NA,NA,NA,NA,NA,NA,NA,NA,NA,NA,NA,NA,NA,NA,NA,NA,NA,NA,NA,NA,NA,NA,NA,NA,NA,NA,NA,NA,NA,NA,NA,NA,NA,NA,NA,NA,NA,NA,NA,NA
"33","Juniper savanna","5","Control",2021,"seedbank",NA,NA,NA,NA,0.166666666666667,NA,NA,0.166666666666667,NA,NA,NA,NA,NA,NA,NA,NA,NA,0.166666666666667,0.333333333333333,NA,0.166666666666667,NA,NA,NA,NA,NA,NA,NA,NA,NA,NA,NA,NA,NA,NA,NA,NA,NA,NA,NA,NA,NA,NA,NA,NA,NA,NA,NA,NA,NA,NA,NA,NA,NA,NA,NA,NA,NA,NA,NA,NA,NA,NA,NA,NA,NA,NA,NA,NA,NA,NA,NA,NA,NA,NA,NA,NA,NA,NA,NA,NA
"34","Juniper savanna","6","Water Addition",2021,"seedbank",NA,0,0,NA,NA,NA,NA,0.230769230769231,NA,NA,NA,NA,NA,NA,NA,NA,NA,0.615384615384615,0.153846153846154,NA,NA,NA,NA,NA,NA,NA,NA,NA,NA,NA,NA,NA,NA,NA,NA,NA,NA,NA,NA,NA,NA,NA,NA,NA,NA,NA,NA,NA,NA,NA,NA,NA,NA,NA,NA,NA,NA,NA,NA,NA,NA,NA,NA,NA,NA,NA,NA,NA,NA,NA,NA,NA,NA,NA,NA,NA,NA,NA,NA,NA,NA
"35","Juniper savanna","7","Control",2021,"seedbank",NA,0,NA,NA,NA,NA,0.1,0.1,NA,NA,NA,NA,NA,NA,NA,NA,NA,0.8,NA,NA,NA,NA,NA,NA,NA,NA,NA,NA,NA,NA,NA,NA,NA,NA,NA,NA,NA,NA,NA,NA,NA,NA,NA,NA,NA,NA,NA,NA,NA,NA,NA,NA,NA,NA,NA,NA,NA,NA,NA,NA,NA,NA,NA,NA,NA,NA,NA,NA,NA,NA,NA,NA,NA,NA,NA,NA,NA,NA,NA,NA,NA
"36","Juniper savanna","8","Water Exclusion",2021,"seedbank",NA,NA,NA,NA,NA,NA,0.125,0.375,NA,NA,NA,NA,NA,NA,NA,NA,NA,0.25,0.25,NA,NA,NA,NA,NA,NA,NA,NA,NA,NA,NA,NA,NA,NA,NA,NA,NA,NA,NA,NA,NA,NA,NA,NA,NA,NA,NA,NA,NA,NA,NA,NA,NA,NA,NA,NA,NA,NA,NA,NA,NA,NA,NA,NA,NA,NA,NA,NA,NA,NA,NA,NA,NA,NA,NA,NA,NA,NA,NA,NA,NA,NA
"37","Juniper savanna","9","Water Addition",2021,"seedbank",NA,NA,NA,NA,NA,NA,NA,NA,NA,NA,NA,NA,NA,NA,NA,NA,NA,0.8,NA,NA,NA,0.2,NA,NA,NA,NA,NA,NA,NA,NA,NA,NA,NA,NA,NA,NA,NA,NA,NA,NA,NA,NA,NA,NA,NA,NA,NA,NA,NA,NA,NA,NA,NA,NA,NA,NA,NA,NA,NA,NA,NA,NA,NA,NA,NA,NA,NA,NA,NA,NA,NA,NA,NA,NA,NA,NA,NA,NA,NA,NA,NA
"38","Juniper savanna","10","Water Exclusion",2021,"seedbank",NA,NA,NA,NA,NA,NA,NA,0.189189189189189,NA,NA,NA,NA,NA,NA,NA,NA,NA,0.027027027027027,0.108108108108108,0.027027027027027,NA,0.621621621621622,0.027027027027027,NA,NA,NA,NA,NA,NA,NA,NA,NA,NA,NA,NA,NA,NA,NA,NA,NA,NA,NA,NA,NA,NA,NA,NA,NA,NA,NA,NA,NA,NA,NA,NA,NA,NA,NA,NA,NA,NA,NA,NA,NA,NA,NA,NA,NA,NA,NA,NA,NA,NA,NA,NA,NA,NA,NA,NA,NA,NA
"39","Juniper savanna","11","Water Addition",2021,"seedbank",NA,NA,NA,NA,NA,NA,NA,0.4,NA,NA,NA,NA,NA,NA,NA,NA,NA,0.4,0.2,NA,NA,NA,NA,NA,NA,NA,NA,NA,NA,NA,NA,NA,NA,NA,NA,NA,NA,NA,NA,NA,NA,NA,NA,NA,NA,NA,NA,NA,NA,NA,NA,NA,NA,NA,NA,NA,NA,NA,NA,NA,NA,NA,NA,NA,NA,NA,NA,NA,NA,NA,NA,NA,NA,NA,NA,NA,NA,NA,NA,NA,NA
"40","Juniper savanna","12","Water Exclusion",2021,"seedbank",NA,NA,NA,NA,NA,NA,NA,0.3,NA,NA,NA,NA,NA,NA,NA,NA,NA,0.2,0.1,NA,NA,0.4,NA,NA,NA,NA,NA,NA,NA,NA,NA,NA,NA,NA,NA,NA,NA,NA,NA,NA,NA,NA,NA,NA,NA,NA,NA,NA,NA,NA,NA,NA,NA,NA,NA,NA,NA,NA,NA,NA,NA,NA,NA,NA,NA,NA,NA,NA,NA,NA,NA,NA,NA,NA,NA,NA,NA,NA,NA,NA,NA
"41","Mixed conifer meadow","1","Control",2021,"seedbank",NA,NA,0.474576271186441,NA,NA,NA,NA,NA,NA,NA,NA,NA,NA,NA,NA,0.00564971751412429,NA,NA,0.0338983050847458,NA,NA,NA,NA,0.152542372881356,0.0169491525423729,0.0225988700564972,0.293785310734463,NA,NA,NA,NA,NA,NA,NA,NA,NA,NA,NA,NA,NA,NA,NA,NA,NA,NA,NA,NA,NA,NA,NA,NA,NA,NA,NA,NA,NA,NA,NA,NA,NA,NA,NA,NA,NA,NA,NA,NA,NA,NA,NA,NA,NA,NA,NA,NA,NA,NA,NA,NA,NA,NA
"42","Mixed conifer meadow","2","Water Exclusion",2021,"seedbank",NA,NA,0.711111111111111,NA,NA,NA,NA,NA,NA,NA,0.00740740740740741,NA,NA,NA,NA,NA,NA,NA,0.00740740740740741,NA,NA,NA,NA,0.0740740740740741,NA,0.0148148148148148,0.185185185185185,NA,NA,NA,NA,NA,NA,NA,NA,NA,NA,NA,NA,NA,NA,NA,NA,NA,NA,NA,NA,NA,NA,NA,NA,NA,NA,NA,NA,NA,NA,NA,NA,NA,NA,NA,NA,NA,NA,NA,NA,NA,NA,NA,NA,NA,NA,NA,NA,NA,NA,NA,NA,NA,NA
"43","Mixed conifer meadow","3","Control",2021,"seedbank",NA,0.0167364016736402,0.577405857740586,NA,NA,NA,NA,NA,NA,0.0209205020920502,NA,NA,NA,NA,NA,NA,NA,NA,0.0125523012552301,NA,NA,NA,NA,0.0502092050209205,0.00418410041841004,0,0.309623430962343,0.00836820083682008,NA,NA,NA,NA,NA,NA,NA,NA,NA,NA,NA,NA,NA,NA,NA,NA,NA,NA,NA,NA,NA,NA,NA,NA,NA,NA,NA,NA,NA,NA,NA,NA,NA,NA,NA,NA,NA,NA,NA,NA,NA,NA,NA,NA,NA,NA,NA,NA,NA,NA,NA,NA,NA
"44","Mixed conifer meadow","4","Water Addition",2021,"seedbank",NA,NA,0.508196721311475,NA,NA,NA,NA,NA,NA,0.0163934426229508,NA,NA,NA,NA,NA,NA,NA,NA,0.0819672131147541,NA,NA,NA,NA,0.0218579234972678,NA,0.0218579234972678,0.33879781420765,0.00546448087431694,0.00546448087431694,NA,NA,NA,NA,NA,NA,NA,NA,NA,NA,NA,NA,NA,NA,NA,NA,NA,NA,NA,NA,NA,NA,NA,NA,NA,NA,NA,NA,NA,NA,NA,NA,NA,NA,NA,NA,NA,NA,NA,NA,NA,NA,NA,NA,NA,NA,NA,NA,NA,NA,NA,NA
"45","Mixed conifer meadow","5","Water Exclusion",2021,"seedbank",NA,0.00549450549450549,0.538461538461538,NA,NA,NA,NA,NA,NA,0.043956043956044,0.00549450549450549,NA,NA,NA,NA,NA,NA,NA,0.010989010989011,NA,NA,NA,NA,0.00549450549450549,NA,0.00549450549450549,0.340659340659341,0.021978021978022,NA,0.010989010989011,0.010989010989011,NA,NA,NA,NA,NA,NA,NA,NA,NA,NA,NA,NA,NA,NA,NA,NA,NA,NA,NA,NA,NA,NA,NA,NA,NA,NA,NA,NA,NA,NA,NA,NA,NA,NA,NA,NA,NA,NA,NA,NA,NA,NA,NA,NA,NA,NA,NA,NA,NA,NA
"46","Mixed conifer meadow","6","Water Addition",2021,"seedbank",NA,NA,0.535433070866142,NA,0.0078740157480315,NA,NA,NA,NA,NA,NA,NA,NA,NA,NA,NA,NA,NA,0.062992125984252,NA,NA,NA,NA,0.078740157480315,NA,0.0078740157480315,0.299212598425197,0.0078740157480315,NA,NA,NA,NA,NA,NA,NA,NA,NA,NA,NA,NA,NA,NA,NA,NA,NA,NA,NA,NA,NA,NA,NA,NA,NA,NA,NA,NA,NA,NA,NA,NA,NA,NA,NA,NA,NA,NA,NA,NA,NA,NA,NA,NA,NA,NA,NA,NA,NA,NA,NA,NA,NA
"47","Mixed conifer meadow","7","Control",2021,"seedbank",NA,0,0.392307692307692,NA,NA,NA,NA,NA,NA,0.1,0.0307692307692308,NA,NA,NA,NA,NA,NA,NA,0.0846153846153846,NA,NA,NA,NA,0.0153846153846154,0.0153846153846154,0.0461538461538462,0.307692307692308,0.00769230769230769,NA,NA,NA,NA,NA,NA,NA,NA,NA,NA,NA,NA,NA,NA,NA,NA,NA,NA,NA,NA,NA,NA,NA,NA,NA,NA,NA,NA,NA,NA,NA,NA,NA,NA,NA,NA,NA,NA,NA,NA,NA,NA,NA,NA,NA,NA,NA,NA,NA,NA,NA,NA,NA
"48","Mixed conifer meadow","8","Water Exclusion",2021,"seedbank",NA,NA,0.468599033816425,NA,NA,NA,NA,NA,NA,0.0289855072463768,0.00483091787439614,NA,NA,NA,NA,NA,NA,NA,0.0144927536231884,NA,NA,NA,NA,0.0241545893719807,NA,0.00966183574879227,0.429951690821256,0.0144927536231884,NA,NA,NA,0.00483091787439614,NA,NA,NA,NA,NA,NA,NA,NA,NA,NA,NA,NA,NA,NA,NA,NA,NA,NA,NA,NA,NA,NA,NA,NA,NA,NA,NA,NA,NA,NA,NA,NA,NA,NA,NA,NA,NA,NA,NA,NA,NA,NA,NA,NA,NA,NA,NA,NA,NA
"49","Mixed conifer meadow","9","Water Addition",2021,"seedbank",NA,NA,0.26241134751773,NA,NA,NA,NA,NA,NA,NA,NA,NA,NA,NA,NA,NA,NA,NA,0.0283687943262411,NA,NA,NA,NA,0.099290780141844,NA,0.0141843971631206,0.595744680851064,NA,NA,NA,NA,NA,NA,NA,NA,NA,NA,NA,NA,NA,NA,NA,NA,NA,NA,NA,NA,NA,NA,NA,NA,NA,NA,NA,NA,NA,NA,NA,NA,NA,NA,NA,NA,NA,NA,NA,NA,NA,NA,NA,NA,NA,NA,NA,NA,NA,NA,NA,NA,NA,NA
"50","Mixed conifer meadow","10","Water Exclusion",2021,"seedbank",NA,NA,0.35,NA,NA,NA,NA,NA,NA,NA,0.025,0.025,NA,0.0166666666666667,NA,0.025,NA,NA,0.0416666666666667,NA,NA,NA,NA,0.00833333333333333,NA,0,0.5,NA,NA,NA,NA,0.00833333333333333,NA,NA,NA,NA,NA,NA,NA,NA,NA,NA,NA,NA,NA,NA,NA,NA,NA,NA,NA,NA,NA,NA,NA,NA,NA,NA,NA,NA,NA,NA,NA,NA,NA,NA,NA,NA,NA,NA,NA,NA,NA,NA,NA,NA,NA,NA,NA,NA,NA
"51","Mixed conifer meadow","11","Water Addition",2021,"seedbank",NA,0,0.0867052023121387,NA,NA,NA,NA,NA,NA,0.0751445086705202,0.0346820809248555,NA,NA,NA,NA,NA,NA,NA,0.0578034682080925,NA,NA,NA,NA,0.069364161849711,0.00578034682080925,0.0289017341040462,0.595375722543353,0.0289017341040462,0.0173410404624277,NA,NA,NA,NA,NA,NA,NA,NA,NA,NA,NA,NA,NA,NA,NA,NA,NA,NA,NA,NA,NA,NA,NA,NA,NA,NA,NA,NA,NA,NA,NA,NA,NA,NA,NA,NA,NA,NA,NA,NA,NA,NA,NA,NA,NA,NA,NA,NA,NA,NA,NA,NA
"52","Mixed conifer meadow","12","Control",2021,"seedbank",NA,NA,0.1875,NA,NA,NA,NA,NA,NA,NA,0.03125,NA,NA,NA,NA,0.0078125,NA,NA,NA,NA,NA,NA,NA,0.1015625,NA,0.046875,0.609375,0.0078125,NA,NA,0.0078125,NA,NA,NA,NA,NA,NA,NA,NA,NA,NA,NA,NA,NA,NA,NA,NA,NA,NA,NA,NA,NA,NA,NA,NA,NA,NA,NA,NA,NA,NA,NA,NA,NA,NA,NA,NA,NA,NA,NA,NA,NA,NA,NA,NA,NA,NA,NA,NA,NA,NA
"53","Ponderosa pine meadow","1","Water Exclusion",2021,"seedbank",NA,0.0862068965517241,NA,NA,NA,NA,NA,NA,NA,0.689655172413793,0.103448275862069,0.0344827586206897,NA,NA,NA,0.0172413793103448,NA,NA,NA,NA,0.0172413793103448,NA,NA,NA,NA,NA,NA,NA,0.0517241379310345,NA,NA,NA,NA,NA,NA,NA,NA,NA,NA,NA,NA,NA,NA,NA,NA,NA,NA,NA,NA,NA,NA,NA,NA,NA,NA,NA,NA,NA,NA,NA,NA,NA,NA,NA,NA,NA,NA,NA,NA,NA,NA,NA,NA,NA,NA,NA,NA,NA,NA,NA,NA
"54","Ponderosa pine meadow","2","Control",2021,"seedbank",NA,0.0606060606060606,NA,NA,0.0606060606060606,NA,NA,NA,NA,0.424242424242424,0.181818181818182,0.0303030303030303,NA,0.0303030303030303,NA,NA,NA,NA,0.0303030303030303,NA,0.0303030303030303,NA,NA,NA,NA,0.0303030303030303,NA,NA,0.121212121212121,NA,NA,NA,NA,NA,NA,NA,NA,NA,NA,NA,NA,NA,NA,NA,NA,NA,NA,NA,NA,NA,NA,NA,NA,NA,NA,NA,NA,NA,NA,NA,NA,NA,NA,NA,NA,NA,NA,NA,NA,NA,NA,NA,NA,NA,NA,NA,NA,NA,NA,NA,NA
"55","Ponderosa pine meadow","3","Water Addition",2021,"seedbank",NA,0.0495049504950495,NA,NA,NA,NA,NA,NA,NA,0.198019801980198,0.415841584158416,0.0396039603960396,NA,0.0099009900990099,NA,NA,NA,NA,NA,NA,NA,NA,NA,NA,NA,NA,NA,0.0396039603960396,0.217821782178218,NA,NA,NA,0.0198019801980198,0.0099009900990099,NA,NA,NA,NA,NA,NA,NA,NA,NA,NA,NA,NA,NA,NA,NA,NA,NA,NA,NA,NA,NA,NA,NA,NA,NA,NA,NA,NA,NA,NA,NA,NA,NA,NA,NA,NA,NA,NA,NA,NA,NA,NA,NA,NA,NA,NA,NA
"56","Ponderosa pine meadow","4","Water Exclusion",2021,"seedbank",NA,0.198581560283688,0.0567375886524823,NA,NA,NA,NA,NA,NA,0.51063829787234,0.106382978723404,0.0354609929078014,NA,0.00709219858156028,NA,NA,NA,NA,NA,NA,0.00709219858156028,NA,NA,NA,NA,NA,NA,0.00709219858156028,0.049645390070922,NA,NA,NA,0.00709219858156028,0.00709219858156028,0.00709219858156028,NA,NA,NA,NA,NA,NA,NA,NA,NA,NA,NA,NA,NA,NA,NA,NA,NA,NA,NA,NA,NA,NA,NA,NA,NA,NA,NA,NA,NA,NA,NA,NA,NA,NA,NA,NA,NA,NA,NA,NA,NA,NA,NA,NA,NA,NA
"57","Ponderosa pine meadow","5","Control",2021,"seedbank",NA,0.0666666666666667,0,NA,NA,NA,NA,NA,NA,0.166666666666667,0.0333333333333333,NA,NA,NA,NA,NA,NA,NA,0.2,NA,NA,NA,NA,NA,NA,NA,NA,NA,0.533333333333333,NA,NA,NA,NA,NA,NA,NA,NA,NA,NA,NA,NA,NA,NA,NA,NA,NA,NA,NA,NA,NA,NA,NA,NA,NA,NA,NA,NA,NA,NA,NA,NA,NA,NA,NA,NA,NA,NA,NA,NA,NA,NA,NA,NA,NA,NA,NA,NA,NA,NA,NA,NA
"58","Ponderosa pine meadow","6","Control",2021,"seedbank",NA,0.481481481481481,0,NA,NA,NA,NA,NA,NA,NA,NA,NA,NA,NA,NA,NA,NA,NA,0.185185185185185,NA,NA,NA,NA,NA,NA,NA,NA,NA,NA,NA,NA,NA,0.148148148148148,0.037037037037037,NA,0.148148148148148,NA,NA,NA,NA,NA,NA,NA,NA,NA,NA,NA,NA,NA,NA,NA,NA,NA,NA,NA,NA,NA,NA,NA,NA,NA,NA,NA,NA,NA,NA,NA,NA,NA,NA,NA,NA,NA,NA,NA,NA,NA,NA,NA,NA,NA
"59","Ponderosa pine meadow","7","Water Exclusion",2021,"seedbank",NA,0.528925619834711,NA,NA,NA,NA,NA,NA,NA,0.264462809917355,0.00826446280991736,0.00826446280991736,NA,NA,NA,NA,NA,NA,0.0495867768595041,NA,NA,NA,NA,0.0330578512396694,NA,NA,NA,NA,0.0661157024793388,NA,NA,NA,NA,NA,0.00826446280991736,0.0330578512396694,NA,NA,NA,NA,NA,NA,NA,NA,NA,NA,NA,NA,NA,NA,NA,NA,NA,NA,NA,NA,NA,NA,NA,NA,NA,NA,NA,NA,NA,NA,NA,NA,NA,NA,NA,NA,NA,NA,NA,NA,NA,NA,NA,NA,NA
"60","Ponderosa pine meadow","8","Water Addition",2021,"seedbank",0.0833333333333333,0.25,NA,NA,NA,NA,NA,NA,NA,NA,0.0555555555555556,NA,NA,0.0833333333333333,NA,NA,NA,NA,NA,NA,0.0277777777777778,NA,NA,NA,NA,NA,NA,NA,0.0555555555555556,NA,NA,NA,NA,NA,0.138888888888889,0.305555555555556,NA,NA,NA,NA,NA,NA,NA,NA,NA,NA,NA,NA,NA,NA,NA,NA,NA,NA,NA,NA,NA,NA,NA,NA,NA,NA,NA,NA,NA,NA,NA,NA,NA,NA,NA,NA,NA,NA,NA,NA,NA,NA,NA,NA,NA
"61","Ponderosa pine meadow","9","Water Addition",2021,"seedbank",NA,NA,NA,NA,NA,NA,NA,NA,NA,0.260869565217391,0.195652173913043,0.0217391304347826,NA,NA,NA,NA,NA,NA,0.108695652173913,NA,NA,NA,NA,NA,NA,NA,NA,NA,0.326086956521739,NA,NA,NA,0.0652173913043478,0.0217391304347826,NA,NA,NA,NA,NA,NA,NA,NA,NA,NA,NA,NA,NA,NA,NA,NA,NA,NA,NA,NA,NA,NA,NA,NA,NA,NA,NA,NA,NA,NA,NA,NA,NA,NA,NA,NA,NA,NA,NA,NA,NA,NA,NA,NA,NA,NA,NA
"62","Ponderosa pine meadow","10","Water Exclusion",2021,"seedbank",NA,0.315789473684211,NA,NA,NA,NA,NA,NA,NA,0.456140350877193,0.087719298245614,NA,NA,0.0350877192982456,NA,0.0175438596491228,NA,NA,NA,NA,NA,NA,NA,NA,NA,NA,NA,NA,0.0701754385964912,NA,NA,NA,NA,NA,0.0175438596491228,NA,NA,NA,NA,NA,NA,NA,NA,NA,NA,NA,NA,NA,NA,NA,NA,NA,NA,NA,NA,NA,NA,NA,NA,NA,NA,NA,NA,NA,NA,NA,NA,NA,NA,NA,NA,NA,NA,NA,NA,NA,NA,NA,NA,NA,NA
"63","Ponderosa pine meadow","11","Control",2021,"seedbank",NA,0.253731343283582,NA,NA,NA,NA,NA,NA,NA,0.492537313432836,0.119402985074627,0.0597014925373134,NA,0.0298507462686567,NA,NA,NA,NA,0.0149253731343284,NA,NA,NA,NA,NA,NA,NA,NA,NA,NA,NA,NA,NA,0.0298507462686567,NA,NA,NA,NA,NA,NA,NA,NA,NA,NA,NA,NA,NA,NA,NA,NA,NA,NA,NA,NA,NA,NA,NA,NA,NA,NA,NA,NA,NA,NA,NA,NA,NA,NA,NA,NA,NA,NA,NA,NA,NA,NA,NA,NA,NA,NA,NA,NA
"64","Ponderosa pine meadow","12","Water Addition",2021,"seedbank",NA,0.0487804878048781,0,NA,NA,NA,NA,NA,NA,0.414634146341463,0.24390243902439,NA,NA,NA,NA,NA,NA,NA,0.0731707317073171,NA,NA,NA,NA,0.024390243902439,NA,NA,NA,NA,0.170731707317073,NA,NA,NA,0.024390243902439,NA,NA,NA,NA,NA,NA,NA,NA,NA,NA,NA,NA,NA,NA,NA,NA,NA,NA,NA,NA,NA,NA,NA,NA,NA,NA,NA,NA,NA,NA,NA,NA,NA,NA,NA,NA,NA,NA,NA,NA,NA,NA,NA,NA,NA,NA,NA,NA
"65","Desert grassland","1","Water Addition",2021,"aboveground",NA,NA,NA,0.178798241328774,NA,0.102589154860772,0.701025891548608,NA,NA,NA,NA,NA,NA,NA,NA,NA,NA,NA,NA,NA,NA,NA,NA,NA,NA,NA,NA,NA,NA,NA,NA,NA,NA,NA,NA,NA,0.00195407914020518,0.0156326331216414,NA,NA,NA,NA,NA,NA,NA,NA,NA,NA,NA,NA,NA,NA,NA,NA,NA,NA,NA,NA,NA,NA,NA,NA,NA,NA,NA,NA,NA,NA,NA,NA,NA,NA,NA,NA,NA,NA,NA,NA,NA,NA,NA
"66","Desert grassland","2","Water Addition",2021,"aboveground",NA,NA,NA,0.180290644868302,NA,0.163487738419619,0.654859218891916,NA,NA,NA,NA,NA,NA,NA,NA,NA,NA,NA,NA,NA,NA,NA,NA,NA,NA,NA,NA,NA,NA,NA,NA,NA,NA,NA,NA,NA,0.00136239782016349,NA,NA,NA,NA,NA,NA,NA,NA,NA,NA,NA,NA,NA,NA,NA,NA,NA,NA,NA,NA,NA,NA,NA,NA,NA,NA,NA,NA,NA,NA,NA,NA,NA,NA,NA,NA,NA,NA,NA,NA,NA,NA,NA,NA
"67","Desert grassland","3","Control",2021,"aboveground",NA,NA,NA,0.0472673559822747,NA,0.103397341211226,0.779911373707533,NA,NA,NA,NA,NA,NA,NA,0.068931560807484,NA,NA,NA,NA,NA,NA,NA,NA,NA,NA,NA,NA,NA,NA,NA,NA,NA,NA,NA,NA,NA,NA,0.000492368291482029,NA,NA,NA,NA,NA,NA,NA,NA,NA,NA,NA,NA,NA,NA,NA,NA,NA,NA,NA,NA,NA,NA,NA,NA,NA,NA,NA,NA,NA,NA,NA,NA,NA,NA,NA,NA,NA,NA,NA,NA,NA,NA,NA
"68","Desert grassland","4","Water Exclusion",2021,"aboveground",NA,NA,NA,0.00878477306002928,NA,NA,0.982430453879941,NA,NA,NA,NA,NA,NA,NA,NA,NA,NA,NA,NA,NA,NA,NA,NA,NA,NA,NA,NA,NA,NA,NA,NA,NA,NA,NA,NA,NA,NA,NA,0.00878477306002928,NA,NA,NA,NA,NA,NA,NA,NA,NA,NA,NA,NA,NA,NA,NA,NA,NA,NA,NA,NA,NA,NA,NA,NA,NA,NA,NA,NA,NA,NA,NA,NA,NA,NA,NA,NA,NA,NA,NA,NA,NA,NA
"69","Desert grassland","5","Water Addition",2021,"aboveground",NA,NA,NA,0.300286841161707,NA,0.124148440301183,0.575475080674077,NA,NA,NA,NA,NA,NA,NA,NA,NA,NA,NA,NA,NA,NA,NA,NA,NA,NA,NA,NA,NA,NA,NA,NA,NA,NA,NA,NA,NA,8.96378630333453e-05,NA,NA,NA,NA,NA,NA,NA,NA,NA,NA,NA,NA,NA,NA,NA,NA,NA,NA,NA,NA,NA,NA,NA,NA,NA,NA,NA,NA,NA,NA,NA,NA,NA,NA,NA,NA,NA,NA,NA,NA,NA,NA,NA,NA
"70","Desert grassland","6","Water Exclusion",2021,"aboveground",NA,NA,NA,0.0204220558202859,NA,NA,0.797821647379169,NA,NA,NA,0.163376446562287,NA,NA,NA,NA,NA,NA,NA,NA,NA,NA,NA,NA,NA,NA,NA,NA,NA,NA,NA,NA,NA,NA,NA,NA,NA,NA,0.00136147038801906,NA,0.0136147038801906,0.00340367597004765,NA,NA,NA,NA,NA,NA,NA,NA,NA,NA,NA,NA,NA,NA,NA,NA,NA,NA,NA,NA,NA,NA,NA,NA,NA,NA,NA,NA,NA,NA,NA,NA,NA,NA,NA,NA,NA,NA,NA,NA
"71","Desert grassland","7","Control",2021,"aboveground",NA,NA,NA,0.189646831156265,NA,0.183841315916788,0.622157716497339,NA,NA,NA,NA,NA,NA,NA,NA,NA,NA,NA,NA,NA,NA,NA,NA,NA,NA,NA,NA,NA,NA,NA,NA,NA,NA,NA,NA,NA,0.000967585873246251,0.00290275761973875,NA,NA,0.000483792936623125,NA,NA,NA,NA,NA,NA,NA,NA,NA,NA,NA,NA,NA,NA,NA,NA,NA,NA,NA,NA,NA,NA,NA,NA,NA,NA,NA,NA,NA,NA,NA,NA,NA,NA,NA,NA,NA,NA,NA,NA
"72","Desert grassland","8","Control",2021,"aboveground",NA,NA,NA,0.195522388059701,NA,0.199004975124378,0.560696517412935,NA,NA,NA,0.000995024875621891,NA,NA,NA,NA,NA,NA,NA,NA,NA,NA,NA,NA,NA,NA,NA,NA,NA,NA,NA,NA,NA,NA,NA,NA,NA,0.00597014925373134,0.0378109452736318,NA,NA,NA,NA,NA,NA,NA,NA,NA,NA,NA,NA,NA,NA,NA,NA,NA,NA,NA,NA,NA,NA,NA,NA,NA,NA,NA,NA,NA,NA,NA,NA,NA,NA,NA,NA,NA,NA,NA,NA,NA,NA,NA
"73","Desert grassland","9","Water Exclusion",2021,"aboveground",NA,NA,NA,NA,NA,0.00116144018583043,0.99883855981417,NA,NA,NA,NA,NA,NA,NA,NA,NA,NA,NA,NA,NA,NA,NA,NA,NA,NA,NA,NA,NA,NA,NA,NA,NA,NA,NA,NA,NA,NA,NA,NA,NA,NA,NA,NA,NA,NA,NA,NA,NA,NA,NA,NA,NA,NA,NA,NA,NA,NA,NA,NA,NA,NA,NA,NA,NA,NA,NA,NA,NA,NA,NA,NA,NA,NA,NA,NA,NA,NA,NA,NA,NA,NA
"74","Desert grassland","10","Control",2021,"aboveground",NA,NA,NA,0.159194876486734,NA,NA,0.837145471180238,NA,NA,NA,NA,NA,NA,NA,NA,NA,NA,NA,NA,NA,NA,NA,NA,NA,NA,NA,NA,NA,NA,NA,NA,NA,NA,NA,NA,NA,0.00274473924977127,0.000914913083257091,NA,NA,NA,NA,NA,NA,NA,NA,NA,NA,NA,NA,NA,NA,NA,NA,NA,NA,NA,NA,NA,NA,NA,NA,NA,NA,NA,NA,NA,NA,NA,NA,NA,NA,NA,NA,NA,NA,NA,NA,NA,NA,NA
"75","Desert grassland","11","Water Addition",2021,"aboveground",NA,NA,NA,0.247759620453347,NA,0.00105429625724829,0.743278861360042,NA,NA,NA,NA,NA,NA,NA,NA,NA,NA,NA,NA,NA,NA,NA,NA,NA,NA,NA,NA,NA,NA,NA,NA,NA,NA,NA,NA,NA,0.00210859251449657,0.00579862941486558,NA,NA,NA,NA,NA,NA,NA,NA,NA,NA,NA,NA,NA,NA,NA,NA,NA,NA,NA,NA,NA,NA,NA,NA,NA,NA,NA,NA,NA,NA,NA,NA,NA,NA,NA,NA,NA,NA,NA,NA,NA,NA,NA
"76","Desert grassland","12","Water Exclusion",2021,"aboveground",NA,NA,NA,NA,NA,NA,0.997044917257683,NA,NA,NA,NA,NA,NA,NA,NA,NA,NA,NA,NA,NA,NA,NA,NA,NA,NA,NA,NA,NA,NA,NA,NA,NA,NA,NA,NA,NA,NA,0.00295508274231679,NA,NA,NA,NA,NA,NA,NA,NA,NA,NA,NA,NA,NA,NA,NA,NA,NA,NA,NA,NA,NA,NA,NA,NA,NA,NA,NA,NA,NA,NA,NA,NA,NA,NA,NA,NA,NA,NA,NA,NA,NA,NA,NA
"77","Desert scrub","1","Water Exclusion",2021,"aboveground",NA,NA,NA,0.0274725274725275,NA,NA,0.148351648351648,NA,NA,NA,NA,NA,NA,NA,NA,NA,NA,NA,NA,NA,NA,NA,NA,NA,NA,NA,NA,NA,NA,NA,NA,NA,NA,NA,NA,NA,0.0274725274725275,NA,NA,NA,NA,0.796703296703297,NA,NA,NA,NA,NA,NA,NA,NA,NA,NA,NA,NA,NA,NA,NA,NA,NA,NA,NA,NA,NA,NA,NA,NA,NA,NA,NA,NA,NA,NA,NA,NA,NA,NA,NA,NA,NA,NA,NA
"78","Desert scrub","2","Water Exclusion",2021,"aboveground",NA,NA,NA,0.0168634064080944,NA,NA,0.345699831365936,NA,NA,NA,0.000843170320404722,NA,NA,NA,NA,NA,NA,NA,NA,NA,NA,NA,NA,NA,NA,NA,NA,NA,NA,NA,NA,NA,NA,NA,NA,NA,0.130691399662732,NA,NA,NA,NA,0.505902192242833,NA,NA,NA,NA,NA,NA,NA,NA,NA,NA,NA,NA,NA,NA,NA,NA,NA,NA,NA,NA,NA,NA,NA,NA,NA,NA,NA,NA,NA,NA,NA,NA,NA,NA,NA,NA,NA,NA,NA
"79","Desert scrub","3","Control",2021,"aboveground",NA,NA,NA,0.313092979127135,NA,NA,0.265654648956357,NA,NA,NA,NA,NA,NA,NA,NA,NA,NA,NA,NA,NA,NA,NA,NA,NA,NA,NA,NA,NA,NA,NA,NA,NA,NA,NA,NA,NA,0.240986717267552,NA,NA,NA,NA,0.180265654648956,NA,NA,NA,NA,NA,NA,NA,NA,NA,NA,NA,NA,NA,NA,NA,NA,NA,NA,NA,NA,NA,NA,NA,NA,NA,NA,NA,NA,NA,NA,NA,NA,NA,NA,NA,NA,NA,NA,NA
"80","Desert scrub","4","Water Exclusion",2021,"aboveground",NA,NA,NA,0.232732732732733,NA,NA,0.00375375375375375,NA,NA,NA,NA,NA,NA,NA,NA,NA,NA,NA,NA,NA,NA,NA,NA,NA,NA,NA,NA,NA,NA,NA,NA,NA,NA,NA,NA,NA,0.0127627627627628,NA,NA,NA,NA,0.750750750750751,NA,NA,NA,NA,NA,NA,NA,NA,NA,NA,NA,NA,NA,NA,NA,NA,NA,NA,NA,NA,NA,NA,NA,NA,NA,NA,NA,NA,NA,NA,NA,NA,NA,NA,NA,NA,NA,NA,NA
"81","Desert scrub","5","Control",2021,"aboveground",NA,NA,NA,0.157212317666126,NA,NA,0.421393841166937,NA,NA,NA,0.000810372771474879,NA,NA,NA,NA,NA,NA,NA,NA,NA,NA,NA,NA,NA,NA,NA,NA,NA,NA,NA,NA,NA,NA,NA,NA,NA,0.177471636952998,NA,NA,NA,NA,0.243111831442464,NA,NA,NA,NA,NA,NA,NA,NA,NA,NA,NA,NA,NA,NA,NA,NA,NA,NA,NA,NA,NA,NA,NA,NA,NA,NA,NA,NA,NA,NA,NA,NA,NA,NA,NA,NA,NA,NA,NA
"82","Desert scrub","6","Control",2021,"aboveground",NA,NA,NA,0.217654171704958,NA,NA,0.362756952841596,NA,NA,NA,0.00362756952841596,NA,NA,NA,NA,NA,NA,NA,NA,NA,NA,NA,NA,NA,NA,NA,NA,NA,NA,NA,NA,NA,NA,NA,NA,NA,0.367593712212817,NA,NA,NA,NA,0.0483675937122128,NA,NA,NA,NA,NA,NA,NA,NA,NA,NA,NA,NA,NA,NA,NA,NA,NA,NA,NA,NA,NA,NA,NA,NA,NA,NA,NA,NA,NA,NA,NA,NA,NA,NA,NA,NA,NA,NA,NA
"83","Desert scrub","7","Water Exclusion",2021,"aboveground",NA,NA,NA,0.0121951219512195,NA,NA,0.251219512195122,NA,NA,NA,NA,NA,NA,NA,NA,NA,NA,NA,NA,NA,NA,NA,NA,NA,NA,NA,NA,NA,NA,NA,NA,NA,NA,NA,NA,NA,0.0048780487804878,NA,NA,NA,NA,0.536585365853659,0.195121951219512,NA,NA,NA,NA,NA,NA,NA,NA,NA,NA,NA,NA,NA,NA,NA,NA,NA,NA,NA,NA,NA,NA,NA,NA,NA,NA,NA,NA,NA,NA,NA,NA,NA,NA,NA,NA,NA,NA
"84","Desert scrub","8","Control",2021,"aboveground",NA,NA,NA,0.0262852725164283,NA,NA,0.579822187862389,NA,NA,NA,0.000966370313103981,NA,NA,NA,NA,NA,0.00154619250096637,NA,NA,NA,NA,NA,NA,NA,NA,NA,NA,NA,NA,NA,NA,NA,NA,NA,NA,NA,0.350792423656745,NA,NA,NA,NA,0.0405875531503672,NA,NA,NA,NA,NA,NA,NA,NA,NA,NA,NA,NA,NA,NA,NA,NA,NA,NA,NA,NA,NA,NA,NA,NA,NA,NA,NA,NA,NA,NA,NA,NA,NA,NA,NA,NA,NA,NA,NA
"85","Desert scrub","9","Water Addition",2021,"aboveground",NA,NA,NA,0.356986899563319,NA,NA,0.109170305676856,NA,NA,NA,0.00109170305676856,NA,NA,NA,NA,NA,0.00109170305676856,NA,NA,NA,NA,NA,NA,NA,NA,NA,NA,NA,NA,NA,NA,NA,NA,NA,NA,NA,0.126637554585153,NA,NA,NA,0.00109170305676856,0.393013100436681,NA,0.0109170305676856,NA,NA,NA,NA,NA,NA,NA,NA,NA,NA,NA,NA,NA,NA,NA,NA,NA,NA,NA,NA,NA,NA,NA,NA,NA,NA,NA,NA,NA,NA,NA,NA,NA,NA,NA,NA,NA
"86","Desert scrub","10","Water Addition",2021,"aboveground",NA,NA,NA,0.126675603217158,NA,NA,0.0603217158176944,NA,NA,NA,NA,NA,NA,NA,NA,NA,NA,NA,NA,NA,NA,NA,NA,NA,NA,NA,NA,NA,NA,NA,NA,NA,NA,NA,NA,NA,0.601876675603217,NA,NA,NA,NA,0.21112600536193,NA,NA,NA,NA,NA,NA,NA,NA,NA,NA,NA,NA,NA,NA,NA,NA,NA,NA,NA,NA,NA,NA,NA,NA,NA,NA,NA,NA,NA,NA,NA,NA,NA,NA,NA,NA,NA,NA,NA
"87","Desert scrub","11","Water Addition",2021,"aboveground",NA,NA,NA,0.345041964563258,NA,NA,NA,NA,NA,NA,0.00155424308361828,NA,NA,NA,NA,NA,NA,NA,NA,NA,NA,NA,NA,NA,NA,NA,NA,NA,NA,NA,NA,NA,NA,NA,NA,NA,0.271059993783028,NA,NA,NA,0.00155424308361828,0.00777121541809139,NA,NA,0.373018340068387,NA,NA,NA,NA,NA,NA,NA,NA,NA,NA,NA,NA,NA,NA,NA,NA,NA,NA,NA,NA,NA,NA,NA,NA,NA,NA,NA,NA,NA,NA,NA,NA,NA,NA,NA,NA
"88","Desert scrub","12","Water Addition",2021,"aboveground",NA,NA,NA,0.495164410058027,NA,NA,0.251450676982592,NA,NA,NA,NA,NA,NA,NA,NA,NA,NA,NA,NA,NA,NA,NA,NA,NA,NA,NA,NA,NA,NA,NA,NA,NA,NA,NA,NA,NA,0.253384912959381,NA,NA,NA,NA,NA,NA,NA,NA,NA,NA,NA,NA,NA,NA,NA,NA,NA,NA,NA,NA,NA,NA,NA,NA,NA,NA,NA,NA,NA,NA,NA,NA,NA,NA,NA,NA,NA,NA,NA,NA,NA,NA,NA,NA
"89","Juniper savanna","1","Water Addition",2021,"aboveground",0.00168833361472227,NA,NA,NA,NA,NA,0.00168833361472227,NA,0.025325004220834,NA,0.00422083403680567,NA,NA,NA,NA,NA,NA,0.466824244470707,NA,NA,NA,NA,NA,NA,NA,NA,NA,NA,NA,NA,NA,NA,NA,NA,NA,NA,NA,NA,0.130001688333615,NA,NA,NA,NA,NA,NA,0.142326523721087,0.18571669761945,0.0337666722944454,0.00844166807361135,NA,NA,NA,NA,NA,NA,NA,NA,NA,NA,NA,NA,NA,NA,NA,NA,NA,NA,NA,NA,NA,NA,NA,NA,NA,NA,NA,NA,NA,NA,NA,NA
"90","Juniper savanna","2","Control",2021,"aboveground",NA,NA,NA,NA,NA,NA,0.00707547169811321,NA,NA,NA,0.00157232704402516,NA,NA,NA,NA,NA,NA,0.536949685534591,NA,NA,NA,0.00786163522012578,NA,NA,NA,NA,NA,NA,NA,NA,NA,NA,NA,NA,NA,NA,NA,0.020440251572327,0.0786163522012578,NA,0.00157232704402516,NA,NA,NA,NA,0.074685534591195,0.0511006289308176,0.0314465408805031,NA,0.102201257861635,0.0864779874213836,NA,NA,NA,NA,NA,NA,NA,NA,NA,NA,NA,NA,NA,NA,NA,NA,NA,NA,NA,NA,NA,NA,NA,NA,NA,NA,NA,NA,NA,NA
"91","Juniper savanna","3","Control",2021,"aboveground",NA,NA,NA,NA,NA,NA,0.0061652281134402,NA,0.0986436498150432,NA,0.00061652281134402,NA,NA,NA,NA,NA,NA,0.149815043156597,NA,NA,NA,0.0172626387176326,NA,NA,NA,NA,NA,NA,NA,NA,NA,NA,NA,NA,NA,NA,NA,0.0369913686806412,NA,NA,0.0154130702836005,NA,NA,NA,0.0339087546239211,0.376078914919852,0.0863131935881628,0.0678175092478422,NA,0.0493218249075216,NA,0.0123304562268804,0.0493218249075216,NA,NA,NA,NA,NA,NA,NA,NA,NA,NA,NA,NA,NA,NA,NA,NA,NA,NA,NA,NA,NA,NA,NA,NA,NA,NA,NA,NA
"92","Juniper savanna","4","Water Exclusion",2021,"aboveground",NA,NA,NA,NA,NA,NA,NA,NA,0.263852242744063,NA,NA,NA,NA,NA,NA,NA,NA,NA,NA,NA,NA,0.00263852242744063,NA,NA,NA,NA,NA,NA,NA,NA,NA,NA,NA,NA,NA,NA,0.0422163588390501,NA,0.0580474934036939,NA,NA,NA,NA,NA,NA,NA,0.316622691292876,0.316622691292876,NA,NA,NA,NA,NA,NA,NA,NA,NA,NA,NA,NA,NA,NA,NA,NA,NA,NA,NA,NA,NA,NA,NA,NA,NA,NA,NA,NA,NA,NA,NA,NA,NA
"93","Juniper savanna","5","Control",2021,"aboveground",0.0181171142025235,NA,NA,NA,NA,NA,NA,NA,0.0727919767065675,NA,0.000808799741184083,NA,NA,NA,NA,NA,NA,0.250727919767066,NA,NA,NA,0.000808799741184083,NA,NA,NA,NA,NA,NA,NA,NA,NA,NA,NA,NA,NA,NA,NA,0.00161759948236817,0.113231963765772,NA,NA,NA,NA,NA,NA,0.214331931413782,0.0161759948236817,0.274991912002588,NA,0.0363959883532837,NA,NA,NA,NA,NA,NA,NA,NA,NA,NA,NA,NA,NA,NA,NA,NA,NA,NA,NA,NA,NA,NA,NA,NA,NA,NA,NA,NA,NA,NA,NA
"94","Juniper savanna","6","Water Addition",2021,"aboveground",0.0176304654442877,NA,NA,NA,NA,NA,NA,NA,NA,NA,NA,NA,NA,NA,NA,NA,NA,0.529619181946403,NA,NA,NA,0.00423131170662906,NA,NA,NA,NA,NA,NA,NA,NA,NA,NA,NA,NA,NA,NA,0.00141043723554302,0.00282087447108604,0.0916784203102962,NA,NA,NA,NA,NA,NA,0.0916784203102962,NA,0.260930888575458,NA,NA,NA,NA,NA,NA,NA,NA,NA,NA,NA,NA,NA,NA,NA,NA,NA,NA,NA,NA,NA,NA,NA,NA,NA,NA,NA,NA,NA,NA,NA,NA,NA
"95","Juniper savanna","7","Control",2021,"aboveground",0.00150715900527506,NA,NA,NA,NA,NA,NA,NA,NA,NA,0.000753579502637528,NA,NA,NA,NA,NA,NA,0.283345892991711,NA,NA,NA,0.000753579502637528,NA,NA,NA,NA,NA,NA,NA,NA,NA,NA,NA,NA,NA,NA,0.0195930670685757,0.000753579502637528,0.00376789751318764,NA,0.0195930670685757,NA,NA,NA,0.105501130369254,0.270535041446873,NA,0.275056518462698,NA,0.0150715900527506,NA,NA,NA,0.00376789751318764,NA,NA,NA,NA,NA,NA,NA,NA,NA,NA,NA,NA,NA,NA,NA,NA,NA,NA,NA,NA,NA,NA,NA,NA,NA,NA,NA
"96","Juniper savanna","8","Water Exclusion",2021,"aboveground",0.00696055684454756,NA,NA,NA,NA,NA,0.0696055684454756,NA,NA,NA,NA,NA,NA,NA,NA,NA,NA,0.111368909512761,NA,NA,NA,NA,NA,NA,NA,NA,NA,NA,NA,NA,NA,NA,NA,NA,NA,NA,0.0139211136890951,0.00232018561484919,0.215777262180974,NA,NA,NA,NA,NA,NA,NA,0.556844547563805,NA,NA,0.0232018561484919,NA,NA,NA,NA,NA,NA,NA,NA,NA,NA,NA,NA,NA,NA,NA,NA,NA,NA,NA,NA,NA,NA,NA,NA,NA,NA,NA,NA,NA,NA,NA
"97","Juniper savanna","9","Water Addition",2021,"aboveground",0.0179137384594185,NA,NA,NA,NA,NA,0.00137797988149373,NA,0.0413393964448119,NA,NA,NA,NA,NA,NA,NA,NA,0.635937715309356,NA,NA,NA,0.0020669698222406,NA,NA,NA,NA,NA,NA,NA,NA,NA,NA,NA,NA,NA,NA,0.00620090946672178,0.00482292958522806,0.0275595976298746,NA,0.00234256579853934,NA,NA,NA,NA,0.00413393964448119,0.137797988149373,0.0895686922970925,NA,0.020669698222406,NA,NA,NA,NA,0.00826787928896238,NA,NA,NA,NA,NA,NA,NA,NA,NA,NA,NA,NA,NA,NA,NA,NA,NA,NA,NA,NA,NA,NA,NA,NA,NA,NA
"98","Juniper savanna","10","Water Exclusion",2021,"aboveground",NA,NA,NA,NA,NA,NA,0.127041742286751,NA,NA,NA,NA,NA,NA,NA,NA,NA,NA,NA,NA,NA,NA,0.00725952813067151,NA,NA,NA,NA,NA,NA,NA,NA,NA,NA,NA,NA,NA,NA,NA,NA,0.0544464609800363,NA,NA,NA,NA,NA,NA,NA,0.780399274047187,NA,NA,0.0308529945553539,NA,NA,NA,NA,NA,NA,NA,NA,NA,NA,NA,NA,NA,NA,NA,NA,NA,NA,NA,NA,NA,NA,NA,NA,NA,NA,NA,NA,NA,NA,NA
"99","Juniper savanna","11","Water Addition",2021,"aboveground",0.000876808417360807,NA,NA,NA,NA,NA,0.00876808417360807,NA,0.0701446733888645,NA,NA,NA,NA,NA,NA,NA,NA,0.233669443226655,NA,NA,NA,NA,NA,NA,NA,NA,NA,NA,NA,NA,NA,NA,NA,NA,NA,NA,0.133713283647523,0.0109601052170101,0.0482244629548444,NA,0.000876808417360807,NA,NA,NA,0.00438404208680403,0.0631302060499781,0.0876808417360807,0.241122314774222,NA,NA,NA,NA,NA,NA,NA,0.0701446733888645,0.0263042525208242,NA,NA,NA,NA,NA,NA,NA,NA,NA,NA,NA,NA,NA,NA,NA,NA,NA,NA,NA,NA,NA,NA,NA,NA
"100","Juniper savanna","12","Water Exclusion",2021,"aboveground",0.0136911281489595,NA,NA,NA,NA,NA,0.0273822562979189,NA,0.602409638554217,NA,NA,NA,NA,NA,NA,NA,NA,0.00547645125958379,NA,NA,NA,NA,NA,NA,NA,NA,NA,NA,NA,NA,NA,NA,NA,NA,NA,NA,NA,0.0273822562979189,NA,NA,NA,NA,NA,NA,NA,0.0498357064622125,0.219058050383352,NA,NA,NA,NA,NA,NA,NA,NA,NA,NA,0.0547645125958379,NA,NA,NA,NA,NA,NA,NA,NA,NA,NA,NA,NA,NA,NA,NA,NA,NA,NA,NA,NA,NA,NA,NA
"101","Mixed conifer meadow","1","Control",2021,"aboveground",NA,NA,0.00817167153866596,NA,NA,NA,NA,NA,NA,NA,NA,NA,NA,NA,NA,0.00604570821153335,NA,NA,0.0298963592878023,NA,NA,NA,NA,NA,0.10629816635663,0.184693064044645,0.142173797501993,0.0498272654796705,NA,NA,0.066436353972894,NA,NA,NA,NA,NA,NA,NA,NA,NA,NA,NA,NA,NA,NA,NA,NA,NA,NA,NA,NA,NA,NA,NA,NA,NA,NA,NA,0.077066170608557,0.0866994419346266,0.0158118522455488,0.0132872707945788,0.066436353972894,0.0930108955620516,0.0315572681371246,0.022588360350784,NA,NA,NA,NA,NA,NA,NA,NA,NA,NA,NA,NA,NA,NA,NA
"102","Mixed conifer meadow","2","Water Exclusion",2021,"aboveground",NA,NA,NA,NA,NA,NA,NA,NA,NA,NA,NA,0.00412087912087912,NA,NA,NA,0.00274725274725275,NA,NA,0.0251831501831502,NA,NA,NA,NA,NA,NA,0.00457875457875458,0.0448717948717949,0.0274725274725275,NA,NA,0.0778388278388278,NA,NA,NA,NA,NA,NA,NA,NA,NA,NA,NA,NA,NA,NA,NA,NA,NA,NA,NA,NA,NA,NA,NA,NA,NA,NA,NA,0.173534798534799,0.0283882783882784,0.032967032967033,0.032051282051282,0.0915750915750916,0.407509157509158,NA,0.00366300366300366,0.0114468864468864,0.0274725274725275,0.00457875457875458,NA,NA,NA,NA,NA,NA,NA,NA,NA,NA,NA,NA
"103","Mixed conifer meadow","3","Control",2021,"aboveground",NA,0.00134661998384056,0.000269323996768112,NA,NA,NA,NA,NA,NA,NA,NA,0.0250471316994344,NA,NA,NA,0.00107729598707245,NA,NA,0.00807971990304336,NA,NA,NA,NA,NA,0.0107729598707245,0.0403985995152168,0.0123889038513332,0.000538647993536224,NA,0.140048478319418,0.0175060597899273,NA,NA,NA,NA,NA,NA,NA,NA,NA,NA,NA,NA,NA,NA,NA,NA,NA,NA,NA,NA,NA,NA,NA,NA,NA,NA,NA,0.0390519795313762,0.00484783194182602,0.00538647993536224,NA,0.290869916509561,0.36089415566927,NA,0.00107729598707245,0.00269323996768112,NA,NA,0.0377053595475357,NA,NA,NA,NA,NA,NA,NA,NA,NA,NA,NA
"104","Mixed conifer meadow","4","Water Addition",2021,"aboveground",NA,0.0216508795669824,0.0817320703653586,NA,NA,NA,NA,NA,NA,NA,NA,NA,NA,NA,NA,0.00324763193504736,NA,NA,0.0054127198917456,NA,NA,NA,NA,NA,0.00866035182679296,0.148849797023004,0.0384303112313938,0.054127198917456,NA,0.0649526387009472,0.0460081190798376,NA,NA,NA,NA,NA,NA,NA,NA,NA,NA,NA,NA,NA,NA,NA,NA,NA,NA,NA,NA,NA,NA,NA,NA,NA,NA,NA,0.00568335588633288,0.0132611637347767,0.00595399188092016,0.0311231393775372,0.276048714479026,0.146143437077131,NA,0.0054127198917456,NA,NA,NA,NA,0.0433017591339648,NA,NA,NA,NA,NA,NA,NA,NA,NA,NA
"105","Mixed conifer meadow","5","Water Exclusion",2021,"aboveground",NA,NA,NA,NA,NA,NA,NA,NA,NA,NA,NA,0.00455109640049648,NA,NA,NA,NA,NA,NA,0.0475796441870087,NA,NA,NA,NA,NA,NA,0.00165494414563508,0.0153082333471245,0.0992966487381051,NA,0.0330988829127017,0.130326851468763,NA,NA,NA,NA,NA,NA,NA,NA,NA,NA,NA,NA,NA,NA,NA,NA,NA,NA,NA,NA,NA,NA,NA,NA,NA,NA,NA,0.16177079023583,NA,NA,NA,0.0223417459660736,0.422010757136947,NA,0.0124120810922631,0.0496483243690525,NA,NA,NA,NA,NA,NA,NA,NA,NA,NA,NA,NA,NA,NA
"106","Mixed conifer meadow","6","Water Addition",2021,"aboveground",NA,NA,NA,NA,NA,NA,NA,NA,NA,NA,NA,0.00896366269047783,NA,NA,NA,0.000206853754395642,NA,NA,0.0137902502930428,NA,NA,NA,NA,NA,0.0358546507619113,0.0624008825760188,0.0513686823415845,0.00689512514652141,NA,0.0206853754395642,0.00689512514652141,NA,NA,NA,NA,NA,NA,NA,NA,NA,NA,NA,NA,NA,NA,NA,NA,NA,NA,NA,NA,NA,NA,NA,NA,NA,NA,NA,NA,0.00310280631593463,0.014824519065021,NA,0.38957457077846,0.337861132179549,NA,0.00551610011721713,0.0420602633937806,NA,NA,NA,NA,NA,NA,NA,NA,NA,NA,NA,NA,NA,NA
"107","Mixed conifer meadow","7","Control",2021,"aboveground",NA,NA,0.00908244061481137,NA,NA,NA,NA,NA,NA,NA,NA,NA,NA,NA,NA,NA,NA,NA,0.275578326346841,NA,NA,NA,NA,NA,0.0194069243906226,0.147492625368732,0.064430988976867,0.0232883092687471,NA,NA,0.0310510790249961,NA,NA,NA,NA,NA,NA,NA,NA,NA,NA,NA,NA,NA,NA,NA,NA,NA,NA,NA,NA,NA,NA,NA,NA,NA,NA,NA,NA,0.000776276975624903,NA,0.0271696941468716,0.145551932929669,0.221238938053097,NA,0.0349324639031206,NA,NA,NA,NA,NA,NA,NA,NA,NA,NA,NA,NA,NA,NA,NA
"108","Mixed conifer meadow","8","Water Exclusion",2021,"aboveground",NA,0.00424808836023789,0.00297366185216653,NA,NA,NA,NA,NA,NA,NA,NA,NA,NA,NA,NA,0.133814783347494,NA,NA,0.133814783347494,NA,NA,NA,NA,NA,NA,0.0127442650807137,0.046304163126593,0.174171622769754,NA,NA,NA,NA,NA,NA,NA,NA,NA,NA,NA,NA,NA,NA,NA,NA,NA,NA,NA,NA,NA,NA,NA,NA,NA,NA,NA,NA,NA,NA,0.18606627017842,NA,0.0212404418011895,NA,0.123194562446899,0.00849617672047579,NA,0.0531011045029737,NA,NA,0.0998300764655905,NA,NA,NA,NA,NA,NA,NA,NA,NA,NA,NA,NA
"109","Mixed conifer meadow","9","Water Addition",2021,"aboveground",NA,NA,0.0154360689477746,NA,NA,NA,NA,NA,NA,NA,NA,NA,NA,NA,NA,0.00205814252636995,NA,NA,0.0352456907640854,NA,NA,NA,NA,NA,0.029585798816568,0.0656032930280422,0.0149215333161821,0.108052482634422,NA,0.277849241059943,0.100334448160535,NA,NA,NA,NA,NA,NA,NA,NA,NA,NA,NA,NA,NA,NA,NA,NA,NA,NA,NA,NA,NA,NA,NA,NA,NA,NA,NA,0.0113197838950347,NA,NA,NA,0.241831746848469,0.0771803447388732,NA,0.0205814252636995,NA,NA,NA,NA,NA,NA,NA,NA,NA,NA,NA,NA,NA,NA,NA
"110","Mixed conifer meadow","10","Water Exclusion",2021,"aboveground",NA,NA,NA,NA,NA,NA,NA,NA,NA,NA,NA,0.0499486828600753,NA,NA,NA,NA,NA,NA,0.0567909681833733,NA,NA,NA,NA,NA,NA,0.00923708518645227,0.0010263427984947,0.109476565172768,NA,0.0821074238795758,0.0410537119397879,NA,NA,NA,NA,NA,NA,NA,NA,NA,NA,NA,NA,NA,NA,NA,NA,NA,NA,NA,NA,NA,NA,NA,NA,NA,NA,NA,0.0157372562435854,NA,NA,NA,0.153951419774205,0.431063975367773,NA,0.0017105713308245,0.0273691412931919,NA,0.0205268559698939,NA,NA,NA,NA,NA,NA,NA,NA,NA,NA,NA,NA
"111","Mixed conifer meadow","11","Water Addition",2021,"aboveground",NA,NA,NA,NA,NA,NA,NA,NA,NA,NA,NA,0.00300364728599013,NA,NA,NA,NA,NA,NA,0.0278910105127655,NA,NA,NA,NA,0.0010727311735679,0.0759493670886076,0.0313237502681828,0.0148036901952371,0.0514910963312594,NA,0.0858184938854323,0.0579274833726668,NA,NA,NA,NA,NA,NA,NA,NA,NA,NA,NA,NA,NA,NA,NA,NA,NA,NA,NA,NA,NA,NA,NA,NA,NA,NA,NA,0.00922548809268397,NA,NA,NA,0.364728599013087,0.261746406350569,NA,0.0128727740828148,NA,NA,0.00214546234713581,NA,NA,NA,NA,NA,NA,NA,NA,NA,NA,NA,NA
"112","Mixed conifer meadow","12","Control",2021,"aboveground",NA,NA,NA,NA,NA,NA,NA,NA,NA,NA,NA,NA,NA,NA,NA,NA,NA,NA,0.0295712173484475,NA,NA,NA,NA,NA,NA,0.0372104484967965,0.0133070478068014,0.172498767865944,NA,0.206998521439133,0.0110892065056678,NA,NA,NA,NA,NA,NA,NA,NA,NA,NA,NA,NA,NA,NA,NA,NA,NA,NA,NA,NA,NA,NA,NA,NA,NA,NA,NA,0.0202069985214391,NA,0.0125677673730902,NA,0.146623952686052,0.310497782158699,NA,0.03942828979793,NA,NA,NA,NA,NA,NA,NA,NA,NA,NA,NA,NA,NA,NA,NA
"113","Ponderosa pine meadow","1","Water Exclusion",2021,"aboveground",NA,NA,NA,NA,NA,NA,NA,NA,NA,NA,NA,0.00152683410947401,NA,NA,NA,0.00626001984884342,NA,NA,NA,NA,0.194671348957936,NA,NA,NA,NA,NA,NA,0.221390945873731,0.00916100465684403,NA,NA,NA,0.0152683410947401,0.00381708527368501,NA,NA,NA,NA,NA,NA,NA,NA,NA,NA,NA,NA,NA,NA,NA,NA,NA,NA,NA,NA,NA,NA,NA,NA,NA,NA,NA,NA,NA,NA,NA,NA,NA,NA,0.0687075349263302,NA,NA,0.431330635926407,0.0229025116421101,0.00190854263684251,0.0229025116421101,0.000152683410947401,NA,NA,NA,NA,NA
"114","Ponderosa pine meadow","2","Control",2021,"aboveground",NA,NA,NA,NA,NA,NA,NA,NA,NA,NA,NA,0.0425143289034452,NA,NA,NA,0.00264533602065881,NA,0.00503873527744536,0.0053536562322857,NA,0.110222334194117,NA,NA,0.00157460477420168,0.0251936763872268,0.0132266801032941,NA,0.214146249291428,0.0251936763872268,NA,NA,NA,0.207847830194621,0.0163758896516974,NA,NA,NA,NA,0.00503873527744536,0.000314920954840335,NA,NA,NA,NA,NA,NA,NA,NA,NA,NA,NA,NA,NA,NA,NA,NA,NA,NA,NA,NA,NA,NA,0.0680229262455124,NA,NA,NA,NA,NA,NA,NA,NA,0.0488127480002519,NA,NA,0.00944762864521005,NA,0.053536562322857,0.0881778673552938,0.0566857718712603,0.00062984190968067,NA
"115","Ponderosa pine meadow","3","Water Addition",2021,"aboveground",NA,NA,NA,NA,NA,NA,NA,NA,NA,NA,NA,0.17289972899729,NA,NA,NA,0.0021680216802168,NA,0.0257452574525745,0.0596205962059621,NA,0.024390243902439,NA,NA,0.0300813008130081,NA,0.0024390243902439,NA,0.317073170731707,0.013550135501355,NA,NA,NA,0.043360433604336,0.100271002710027,NA,NA,NA,NA,NA,0.000542005420054201,NA,NA,NA,NA,NA,NA,NA,NA,NA,NA,NA,NA,NA,NA,NA,NA,NA,NA,0.00813008130081301,NA,NA,0.002710027100271,0.0487804878048781,NA,NA,NA,NA,NA,0.016260162601626,0.0704607046070461,NA,NA,0.0013550135501355,NA,NA,NA,0.010840108401084,NA,0.018970189701897,0.0303523035230352,NA
"116","Ponderosa pine meadow","4","Water Exclusion",2021,"aboveground",0.000570906599680292,NA,NA,NA,NA,NA,NA,NA,NA,NA,NA,NA,NA,NA,NA,0.0013701758392327,NA,0.00570906599680292,0.0222653573875314,NA,0.108472253939256,NA,NA,0.0142726649920073,NA,NA,NA,0.445307147750628,0.0114181319936058,NA,NA,NA,0.0799269239552409,0.0342543959808175,NA,NA,NA,NA,0.00685087919616351,0.00285453299840146,NA,NA,NA,NA,NA,NA,NA,NA,NA,NA,NA,NA,NA,NA,NA,NA,NA,NA,NA,NA,NA,0.0599451929664307,0.00570906599680292,NA,NA,NA,NA,NA,0.0456725279744234,NA,NA,NA,0.108472253939256,NA,NA,NA,NA,0.0456725279744234,NA,NA,0.00125599451929664
"117","Ponderosa pine meadow","5","Control",2021,"aboveground",NA,NA,NA,NA,NA,NA,NA,NA,NA,NA,NA,0.0153762662807525,NA,NA,NA,0.0011456825856247,NA,0.0678364688856729,0.0367824409068982,NA,0.00361794500723589,NA,NA,NA,NA,0.00301495417269657,NA,0.346418234442836,0.0195972021225277,NA,NA,NA,0.228232030873131,0.0120598166907863,NA,NA,NA,NA,NA,NA,NA,NA,NA,NA,NA,NA,NA,NA,NA,NA,NA,NA,NA,NA,NA,NA,NA,NA,NA,NA,NA,NA,0.147732754462132,NA,NA,NA,NA,NA,NA,NA,NA,NA,0.0120598166907863,NA,0.00301495417269657,NA,NA,0.00814037626628075,0.0934635793535938,0.00150747708634829,NA
"118","Ponderosa pine meadow","6","Control",2021,"aboveground",NA,NA,NA,NA,NA,NA,NA,NA,NA,NA,NA,0.0752839096593084,NA,NA,NA,0.000574199310960827,NA,NA,0.0414699502360597,NA,0.0637999234400919,NA,NA,0.00446599464080643,NA,NA,NA,0.210539747352303,0.00956998851601378,NA,NA,NA,0.484879418144698,0.027114967462039,NA,NA,0.000318999617200459,NA,NA,0.000318999617200459,NA,NA,NA,NA,NA,NA,NA,NA,NA,NA,NA,NA,NA,NA,NA,NA,NA,NA,NA,NA,NA,0.0015949980860023,0.0398749521500574,NA,NA,NA,NA,NA,NA,NA,NA,NA,0.00318999617200459,NA,NA,NA,NA,0.0325379609544469,0.00446599464080643,NA,NA
"119","Ponderosa pine meadow","7","Water Exclusion",2021,"aboveground",NA,NA,NA,NA,NA,NA,NA,NA,NA,NA,NA,NA,NA,NA,NA,0.0023995200959808,NA,NA,0.023995200959808,NA,0.00359928014397121,NA,NA,0.011997600479904,NA,NA,NA,0.155968806238752,0.0011997600479904,NA,NA,NA,0.131973605278944,0.101979604079184,NA,NA,NA,NA,NA,NA,NA,NA,NA,NA,NA,NA,NA,NA,NA,NA,NA,NA,NA,NA,NA,NA,NA,NA,NA,NA,0.011997600479904,NA,0.023995200959808,NA,NA,NA,NA,NA,NA,NA,NA,NA,0.425914817036593,NA,0.002999400119976,NA,NA,0.0719856028794241,0.0299940011997601,NA,NA
"120","Ponderosa pine meadow","8","Water Addition",2021,"aboveground",NA,NA,NA,NA,NA,NA,NA,NA,NA,NA,NA,0.0389720635900602,NA,NA,NA,0.00640530946133663,NA,0.0740855070226887,NA,NA,0.0173637907084427,NA,NA,0.0169779286926995,NA,0.0219941348973607,NA,0.216082728816175,0.0115758604722951,NA,NA,NA,NA,NA,NA,NA,0.00192931007871585,NA,NA,NA,NA,NA,NA,NA,NA,NA,NA,NA,NA,NA,NA,NA,NA,NA,NA,NA,NA,NA,NA,NA,0.0162062046612131,NA,0.262386170705356,NA,NA,NA,NA,NA,NA,NA,NA,NA,0.0077172403148634,NA,0.0077172403148634,NA,0.0192931007871585,0.162062046612131,0.111128260534033,0.00192931007871585,0.00617379225189072
"121","Ponderosa pine meadow","9","Water Addition",2021,"aboveground",NA,NA,NA,NA,NA,NA,NA,NA,NA,NA,NA,0.0216432865731463,NA,0.0340681362725451,NA,0.00440881763527054,NA,0.018436873747495,0.07374749498998,NA,0.128256513026052,NA,NA,NA,NA,0.0865731462925852,NA,0.214428857715431,0.011623246492986,NA,NA,NA,0.12064128256513,0.00400801603206413,NA,NA,NA,NA,NA,0.000801603206412826,0.00200400801603206,NA,NA,NA,NA,NA,NA,NA,NA,NA,NA,NA,NA,NA,NA,NA,NA,NA,NA,NA,NA,NA,0.125450901803607,NA,NA,NA,NA,NA,NA,NA,NA,NA,0.0661322645290581,NA,NA,NA,NA,0.075751503006012,NA,0.0120240480961924,NA
"122","Ponderosa pine meadow","10","Water Exclusion",2021,"aboveground",NA,NA,NA,NA,NA,NA,NA,NA,NA,NA,NA,NA,NA,NA,NA,0.0359217364720269,NA,0.00535004585753592,0.0152858453072455,NA,0.107000917150718,NA,NA,0.00152858453072455,NA,NA,NA,0.343931519413024,0.0206358911647814,NA,NA,NA,0.0152858453072455,0.172730051971874,NA,NA,0.00535004585753592,NA,NA,NA,0.00183430143686946,NA,NA,NA,NA,NA,NA,NA,NA,NA,NA,NA,NA,NA,NA,NA,NA,NA,NA,NA,NA,0.0535004585753592,0.0458575359217365,NA,NA,NA,NA,NA,0.1681442983797,NA,NA,NA,NA,NA,NA,NA,NA,NA,NA,0.00764292265362275,NA
"123","Ponderosa pine meadow","11","Control",2021,"aboveground",NA,NA,NA,NA,NA,NA,NA,NA,NA,NA,NA,0.103251130642546,NA,NA,NA,0.00162129874562676,NA,0.00213328782319311,0.0127997269391586,NA,0.0452257018516938,NA,NA,NA,NA,0.0170663025855448,NA,0.290127143954262,0.000853315129277242,NA,NA,NA,0.183462752794607,NA,NA,NA,NA,NA,0.00255994538783173,0.00213328782319311,NA,NA,NA,NA,NA,NA,NA,NA,NA,NA,NA,NA,NA,NA,NA,NA,NA,NA,NA,NA,NA,NA,0.0571721136615752,NA,NA,NA,NA,NA,0.0298660295247035,NA,NA,NA,0.0115197542452428,NA,0.00426657564638621,NA,0.00853315129277242,0.0981312398668828,0.127997269391586,0.00127997269391586,NA
"124","Ponderosa pine meadow","12","Water Addition",2021,"aboveground",NA,NA,NA,NA,NA,NA,NA,NA,NA,NA,NA,0.0160439247005134,NA,NA,NA,0.000285225328009127,NA,0.0695236737022248,0.0356531660011409,NA,0.00926982316029663,NA,NA,0.0135482030804335,NA,0.0477752424415288,NA,0.356531660011409,0.00926982316029663,NA,NA,NA,0.15687393040502,0.0730889903023388,NA,NA,NA,NA,0.000356531660011409,0.000713063320022818,0.00713063320022818,NA,NA,NA,NA,NA,NA,NA,NA,NA,NA,NA,NA,NA,NA,NA,NA,NA,NA,NA,NA,0.0106959498003423,0.160439247005134,NA,NA,NA,NA,NA,NA,NA,NA,NA,0.000356531660011409,NA,NA,NA,NA,NA,0.0320878494010268,0.000356531660011409,NA
